d6532718_5_0000.avi,2015,6,12,8,58,31,115000,private,,
d6532718_5_0001.avi,2015,6,12,9,0,29,745000,,sleep,sleep
d6532718_5_0002.avi,2015,6,12,9,2,30,565000,,sleep,
d6532718_5_0003.avi,2015,6,12,9,4,30,285000,,sleep,
d6532718_5_0004.avi,2015,6,12,9,6,30,305000,,sleep,
d6532718_5_0005.avi,2015,6,12,9,8,34,789000,,sleep,
d6532718_5_0006.avi,2015,6,12,9,10,37,837000,,,
d6532718_5_0007.avi,2015,6,12,9,12,33,152000,,,
d6532718_5_0008.avi,2015,6,12,9,14,30,202000,,,
d6532718_5_0009.avi,2015,6,12,9,16,30,690000,,,
d6532718_5_0010.avi,2015,6,12,9,18,29,675000,,,
d6532718_5_0011.avi,2015,6,12,9,20,33,32000,,,
d6532718_5_0012.avi,2015,6,12,9,22,30,133000,,,
d6532718_5_0013.avi,2015,6,12,9,24,30,419000,,,
d6532718_5_0014.avi,2015,6,12,9,26,29,840000,,,
d6532718_5_0015.avi,2015,6,12,9,28,29,759000,,,
d6532718_5_0016.avi,2015,6,12,9,30,30,546000,,,
d6532718_5_0017.avi,2015,6,12,9,32,32,485000,,,
d6532718_5_0018.avi,2015,6,12,9,34,29,902000,,,
d6532718_5_0019.avi,2015,6,12,9,36,30,22000,,,
d6532718_5_0020.avi,2015,6,12,9,38,50,763000,,,
d6532718_5_0021.avi,2015,6,12,9,40,29,696000,,,
d6532718_5_0022.avi,2015,6,12,9,42,33,552000,,,
d6532718_5_0023.avi,2015,6,12,9,44,30,119000,,,
d6532718_5_0024.avi,2015,6,12,9,46,30,773000,,,
d6532718_5_0025.avi,2015,6,12,9,48,29,759000,,,
d6532718_5_0026.avi,2015,6,12,9,50,29,912000,,,
d6532718_5_0027.avi,2015,6,12,9,52,32,701000,,,
d6532718_5_0028.avi,2015,6,12,9,54,31,337000,private,,
d6532718_5_0029.avi,2015,6,12,9,56,31,758000,private,,
d6532718_5_0030.avi,2015,6,12,9,58,30,276000,private,,
d6532718_5_0031.avi,2015,6,12,10,0,31,297000,private,,
d6532718_5_0032.avi,2015,6,12,10,2,30,116000,,sleep,
d6532718_5_0033.avi,2015,6,12,10,4,30,769000,,sleep,
d6532718_5_0034.avi,2015,6,12,10,6,30,139000,,sleep,
d6532718_5_0035.avi,2015,6,12,10,8,32,894000,,sleep,
d6532718_5_0036.avi,2015,6,12,10,10,36,584000,,sleep,
d6532718_5_0037.avi,2015,6,12,10,12,29,663000,,sleep,
d6532718_5_0038.avi,2015,6,12,10,14,38,25000,,sleep,
d6532718_5_0039.avi,2015,6,12,10,16,30,24000,,sleep,
d6532718_5_0040.avi,2015,6,12,10,18,34,114000,,sleep,
d6532718_5_0041.avi,2015,6,12,10,20,35,936000,,,
d6532718_5_0042.avi,2015,6,12,10,22,30,183000,,,
d6532718_5_0043.avi,2015,6,12,10,24,31,571000,,,
d6532718_5_0044.avi,2015,6,12,10,26,30,758000,,,
d6532718_5_0045.avi,2015,6,12,10,28,30,160000,,,
d6532718_5_0046.avi,2015,6,12,10,30,30,848000,,,
d6532718_5_0047.avi,2015,6,12,10,32,30,300000,,,
d6532718_5_0048.avi,2015,6,12,10,34,29,886000,,,
d6532718_5_0049.avi,2015,6,12,10,36,30,440000,,,
d6532718_5_0050.avi,2015,6,12,10,38,29,877000,,,
d6532718_5_0051.avi,2015,6,12,10,40,31,398000,,,
d6532718_5_0052.avi,2015,6,12,10,42,29,817000,,,
d6532718_5_0053.avi,2015,6,12,10,44,29,536000,,,
d6532718_5_0054.avi,2015,6,12,10,46,31,391000,,,
d6532718_5_0055.avi,2015,6,12,10,48,29,943000,,,
d6532718_5_0056.avi,2015,6,12,10,50,29,680000,,,
d6532718_5_0057.avi,2015,6,12,10,52,29,533000,private,,
d6532718_5_0058.avi,2015,6,12,10,54,30,422000,private,,
d6532718_5_0059.avi,2015,6,12,10,56,30,408000,private,,
d6532718_5_0060.avi,2015,6,12,10,58,30,93000,,,
d6532718_5_0061.avi,2015,6,12,11,0,29,864000,,,
d6532718_5_0062.avi,2015,6,12,11,2,31,185000,,,
d6532718_5_0063.avi,2015,6,12,11,4,37,177000,,,
d6532718_5_0064.avi,2015,6,12,11,6,30,757000,,,
d6532718_5_0065.avi,2015,6,12,11,8,37,165000,,,
d6532718_5_0066.avi,2015,6,12,11,10,31,113000,,,
d6532718_5_0067.avi,2015,6,12,11,12,31,571000,,,
d6532718_5_0068.avi,2015,6,12,11,14,37,228000,,,
d6532718_5_0069.avi,2015,6,12,11,16,29,974000,,,
d6532718_5_0070.avi,2015,6,12,11,18,32,197000,,sleep,
d6532718_5_0071.avi,2015,6,12,11,20,32,183000,,sleep,
d6532718_5_0072.avi,2015,6,12,11,22,32,587000,,sleep,
d6532718_5_0073.avi,2015,6,12,11,24,29,639000,,sleep,
d6532718_5_0074.avi,2015,6,12,11,26,30,59000,,sleep,
d6532718_5_0075.avi,2015,6,12,11,28,30,111000,,sleep,
d6532718_5_0076.avi,2015,6,12,11,30,30,198000,,sleep,
d6532718_5_0077.avi,2015,6,12,11,32,30,318000,,sleep,
d6532718_5_0078.avi,2015,6,12,11,34,29,454000,,,
d6532718_5_0079.avi,2015,6,12,11,36,29,708000,,,
d6532718_5_0080.avi,2015,6,12,11,38,33,298000,,,
d6532718_5_0081.avi,2015,6,12,11,40,29,482000,,,
d6532718_5_0082.avi,2015,6,12,11,42,30,1000,,,
d6532718_5_0083.avi,2015,6,12,11,44,30,405000,,,
d6532718_5_0084.avi,2015,6,12,11,46,30,325000,,,
d6532718_5_0085.avi,2015,6,12,11,48,30,445000,,,
d6532718_5_0086.avi,2015,6,12,11,50,32,734000,,,
d6532718_5_0087.avi,2015,6,12,11,52,29,451000,,,
d6532718_5_0088.avi,2015,6,12,11,54,29,905000,,,
d6532718_5_0089.avi,2015,6,12,11,56,29,608000,,sleep,
d6532718_5_0090.avi,2015,6,12,11,58,31,563000,,sleep,
d6532718_5_0091.avi,2015,6,12,12,0,36,188000,,sleep,
d6532718_5_0092.avi,2015,6,12,12,2,29,567000,,sleep,
d6532718_5_0093.avi,2015,6,12,12,4,30,54000,,sleep,
d6532718_5_0094.avi,2015,6,12,12,6,47,786000,,sleep,
d6532718_5_0095.avi,2015,6,12,12,8,29,789000,,sleep,
d6532718_5_0096.avi,2015,6,12,12,10,44,188000,,,
d6532718_5_0097.avi,2015,6,12,12,12,43,708000,,,
d6532718_5_0098.avi,2015,6,12,12,14,30,148000,,,
d6532718_5_0099.avi,2015,6,12,12,16,37,776000,,,
d6532718_5_0100.avi,2015,6,12,12,18,34,834000,,,
d6532718_5_0101.avi,2015,6,12,12,20,31,918000,,,
d6532718_5_0102.avi,2015,6,12,12,22,29,736000,,,
d6532718_5_0103.avi,2015,6,12,12,24,32,492000,,,
d6532718_5_0104.avi,2015,6,12,12,26,41,187000,,,
d6532718_5_0105.avi,2015,6,12,12,28,31,881000,,,
d6532718_5_0106.avi,2015,6,12,12,30,30,166000,,,
d6532718_5_0107.avi,2015,6,12,12,32,30,286000,,,
d6532718_5_0108.avi,2015,6,12,12,34,30,306000,,,
d6532718_5_0109.avi,2015,6,12,12,36,29,359000,,,
d6532718_5_0110.avi,2015,6,12,12,38,32,81000,,,
d6532718_5_0111.avi,2015,6,12,12,40,30,384000,,,
d6532718_5_0112.avi,2015,6,12,12,42,49,656000,,,
d6532718_5_0113.avi,2015,6,12,12,44,30,223000,,,
d6532718_5_0114.avi,2015,6,12,12,46,29,775000,,,
d6532718_5_0115.avi,2015,6,12,12,48,33,666000,,,
d6532718_5_0116.avi,2015,6,12,12,50,29,832000,,,
d6532718_5_0117.avi,2015,6,12,12,52,29,720000,,,
d6532718_5_0118.avi,2015,6,12,12,54,29,606000,,,
d6532718_5_0119.avi,2015,6,12,12,56,30,293000,,sleep,
d6532718_5_0120.avi,2015,6,12,12,58,30,12000,,sleep,
d6532718_5_0121.avi,2015,6,12,13,0,30,766000,,sleep,
d6532718_5_0122.avi,2015,6,12,13,2,29,435000,,sleep,
d6532718_5_0123.avi,2015,6,12,13,4,30,523000,,sleep,
d6532718_5_0124.avi,2015,6,12,13,6,30,10000,,sleep,
d6532718_5_0125.avi,2015,6,12,13,8,30,27000,,sleep,
d6532718_5_0126.avi,2015,6,12,13,10,31,982000,,sleep,
d6532718_5_0127.avi,2015,6,12,13,12,29,320000,,sleep,
d6532718_5_0128.avi,2015,6,12,13,14,30,7000,,sleep,
d6532718_5_0129.avi,2015,6,12,13,16,29,727000,,sleep,
d6532718_5_0130.avi,2015,6,12,13,18,37,688000,,,
d6532718_5_0131.avi,2015,6,12,13,20,32,2000,,,
d6532718_5_0132.avi,2015,6,12,13,22,32,889000,,,
d6532718_5_0133.avi,2015,6,12,13,24,29,457000,,,
d6532718_5_0134.avi,2015,6,12,13,26,31,346000,,,
d6532718_5_0135.avi,2015,6,12,13,28,34,769000,,,
d6532718_5_0136.avi,2015,6,12,13,30,29,483000,,,
d6532718_5_0137.avi,2015,6,12,13,32,29,403000,,,
d6532718_5_0138.avi,2015,6,12,13,34,29,540000,,,
d6532718_5_0139.avi,2015,6,12,13,36,29,494000,,,
d6532718_5_0140.avi,2015,6,12,13,38,29,247000,,,
d6532718_5_0141.avi,2015,6,12,13,40,29,466000,,,
d6532718_5_0142.avi,2015,6,12,13,42,30,187000,,,
d6532718_5_0143.avi,2015,6,12,13,44,30,307000,private,,
d6532718_5_0144.avi,2015,6,12,13,46,31,546000,,,
d6532718_5_0145.avi,2015,6,12,13,48,29,831000,,,
d6532718_5_0146.avi,2015,6,12,13,50,29,785000,,,
d6532718_5_0147.avi,2015,6,12,13,52,29,338000,,,
d6532718_5_0148.avi,2015,6,12,13,54,30,159000,,,
d6532718_5_0149.avi,2015,6,12,13,56,29,728000,,,
d6532718_5_0150.avi,2015,6,12,13,58,30,248000,,,
d6532718_5_0151.avi,2015,6,12,14,0,29,834000,,,
d6532718_5_0152.avi,2015,6,12,14,2,29,487000,,,
d6532718_5_0153.avi,2015,6,12,14,4,29,807000,,,
d6532718_5_0154.avi,2015,6,12,14,6,29,895000,,,
d6532718_5_0155.avi,2015,6,12,14,8,29,932000,,,
d6532718_5_0156.avi,2015,6,12,14,10,30,152000,,,
d6532718_5_0157.avi,2015,6,12,14,12,29,471000,,,
d6532718_5_0158.avi,2015,6,12,14,14,29,491000,,,
d6532718_5_0159.avi,2015,6,12,14,16,29,510000,,,
d6532718_5_0160.avi,2015,6,12,14,18,29,582000,,,
d6532718_5_0161.avi,2015,6,12,14,20,32,371000,,,
d6532718_5_0162.avi,2015,6,12,14,22,29,690000,,,
d6532718_5_0163.avi,2015,6,12,14,24,30,243000,,,
d6532718_5_0164.avi,2015,6,12,14,26,32,132000,,,
d6532718_5_0165.avi,2015,6,12,14,28,29,348000,,,
d6532718_5_0166.avi,2015,6,12,14,30,29,419000,,,
d6532718_5_0167.avi,2015,6,12,14,32,39,82000,,,
d6532718_5_0168.avi,2015,6,12,14,34,31,694000,,,
d6532718_5_0169.avi,2015,6,12,14,36,29,946000,,,
d6532718_5_0170.avi,2015,6,12,14,38,31,868000,,,
d6532718_5_0171.avi,2015,6,12,14,40,29,268000,,,
d6532718_5_0172.avi,2015,6,12,14,42,29,288000,,,
d6532718_5_0173.avi,2015,6,12,14,44,29,976000,,,
d6532718_5_0174.avi,2015,6,12,14,46,29,462000,,,
d6532718_5_0175.avi,2015,6,12,14,48,29,782000,,,
d6532718_5_0176.avi,2015,6,12,14,50,29,803000,,,
d6532718_5_0177.avi,2015,6,12,14,52,29,173000,,,
d6532718_5_0178.avi,2015,6,12,14,54,29,760000,,,
d6532718_5_0179.avi,2015,6,12,14,56,29,378000,,,
d6532718_5_0180.avi,2015,6,12,14,58,30,733000,,,
d6532718_5_0181.avi,2015,6,12,15,0,29,251000,,,
d6532718_5_0182.avi,2015,6,12,15,2,30,990000,,,
d6532718_5_0183.avi,2015,6,12,15,4,29,710000,,,
d6532718_5_0184.avi,2015,6,12,15,6,29,897000,,,
d6532718_5_0185.avi,2015,6,12,15,8,29,708000,,,
d6532718_5_0186.avi,2015,6,12,15,10,30,495000,,,
d6532718_5_0187.avi,2015,6,12,15,12,33,251000,,,
d6532718_5_0188.avi,2015,6,12,15,14,29,560000,,,
d6532718_5_0189.avi,2015,6,12,15,16,29,279000,,,
d6532718_5_0190.avi,2015,6,12,15,18,32,202000,,,
d6532718_5_0191.avi,2015,6,12,15,20,38,528000,,,
d6532718_5_0192.avi,2015,6,12,15,22,30,641000,,,
d6532718_5_0193.avi,2015,6,12,15,24,30,345000,,,
d6532718_5_0194.avi,2015,6,12,15,26,30,97000,,,
d6532718_5_0195.avi,2015,6,12,15,28,29,850000,,,
d6532718_5_0196.avi,2015,6,12,15,30,29,703000,,,
d6532718_5_0197.avi,2015,6,12,15,32,29,623000,,,
d6532718_5_0198.avi,2015,6,12,15,34,29,977000,,,
d6532718_5_0199.avi,2015,6,12,15,36,29,981000,,,
d6532718_5_0200.avi,2015,6,12,15,38,29,501000,,,
d6532718_5_0201.avi,2015,6,12,15,40,30,254000,,,
d6532718_5_0202.avi,2015,6,12,15,42,30,440000,,,
d6532718_5_0203.avi,2015,6,12,15,44,34,131000,,,
d6532718_5_0204.avi,2015,6,12,15,46,30,998000,,,
d6532718_5_0205.avi,2015,6,12,15,48,29,184000,,,
d6532718_5_0206.avi,2015,6,12,15,50,46,421000,,,
d6532718_5_0207.avi,2015,6,12,15,52,37,598000,,,
d6532718_5_0208.avi,2015,6,12,15,54,29,676000,,,
d6532718_5_0209.avi,2015,6,12,15,56,29,196000,,,
d6532718_5_0210.avi,2015,6,12,15,58,30,67000,,sleep,
d6532718_5_0211.avi,2015,6,12,16,0,40,465000,,sleep,
d6532718_5_0212.avi,2015,6,12,16,2,34,878000,,sleep,
d6532718_5_0213.avi,2015,6,12,16,4,29,594000,,sleep,
d6532718_5_0214.avi,2015,6,12,16,6,31,149000,,sleep,
d6532718_5_0215.avi,2015,6,12,16,8,30,585000,,sleep,
d6532718_5_0216.avi,2015,6,12,16,10,30,4000,,sleep,
d6532718_5_0217.avi,2015,6,12,16,12,29,323000,,sleep,
d6532718_5_0218.avi,2015,6,12,16,14,29,910000,,sleep,
d6532718_5_0219.avi,2015,6,12,16,16,36,803000,,sleep,
d6532718_5_0220.avi,2015,6,12,16,18,33,86000,,sleep,
d6532718_5_0221.avi,2015,6,12,16,20,29,288000,,sleep,
d6532718_5_0222.avi,2015,6,12,16,22,29,208000,,sleep,
d6532718_5_0223.avi,2015,6,12,16,24,29,127000,,sleep,
d6532718_5_0224.avi,2015,6,12,16,26,29,781000,,sleep,
d6532718_5_0225.avi,2015,6,12,16,28,29,400000,,sleep,
d6532718_5_0226.avi,2015,6,12,16,30,29,120000,,sleep,
d6532718_5_0227.avi,2015,6,12,16,32,29,392000,,sleep,
d6532718_5_0228.avi,2015,6,12,16,34,29,145000,,sleep,
d6532718_5_0229.avi,2015,6,12,16,36,30,299000,,sleep,
d6532718_5_0230.avi,2015,6,12,16,38,29,385000,,sleep,
d6532718_5_0231.avi,2015,6,12,16,40,29,570000,,,
d6532718_5_0232.avi,2015,6,12,16,42,29,708000,,,
d6532718_5_0233.avi,2015,6,12,16,44,29,227000,,,
d6532718_5_0234.avi,2015,6,12,16,46,33,184000,,,
d6532718_5_0235.avi,2015,6,12,16,48,47,353000,,,
d6532718_5_0236.avi,2015,6,12,16,50,29,888000,,,
d6532718_5_0237.avi,2015,6,12,16,52,31,744000,,,
d6532718_5_0238.avi,2015,6,12,16,54,31,80000,,,
d6532718_5_0239.avi,2015,6,12,16,56,29,731000,,,
d6532718_5_0240.avi,2015,6,12,16,58,29,684000,,,
d6532718_5_0241.avi,2015,6,12,17,0,29,804000,,,
d6532718_5_0242.avi,2015,6,12,17,2,29,191000,,,
d6532718_5_0243.avi,2015,6,12,17,4,29,295000,,,
d6532718_5_0244.avi,2015,6,12,17,6,30,483000,,,
d6532718_5_0245.avi,2015,6,12,17,8,32,55000,,,
d6532718_5_0246.avi,2015,6,12,17,10,29,438000,private,,
d6532718_5_0247.avi,2015,6,12,17,12,29,424000,private,,
d6532718_5_0248.avi,2015,6,12,17,14,29,611000,,,
d6532718_5_0249.avi,2015,6,12,17,16,29,466000,,,
d6532718_5_0250.avi,2015,6,12,17,18,29,820000,,,
d6532718_5_0251.avi,2015,6,12,17,20,29,339000,,,
d6532718_5_0252.avi,2015,6,12,17,22,29,926000,,,
d6532718_5_0253.avi,2015,6,12,17,24,32,215000,,,
d6532718_5_0254.avi,2015,6,12,17,26,30,883000,,,
d6532718_5_0255.avi,2015,6,12,17,28,30,102000,,,
d6532718_5_0256.avi,2015,6,12,17,30,34,660000,,,
d6532718_5_0257.avi,2015,6,12,17,32,34,113000,,,
d6532718_5_0258.avi,2015,6,12,17,34,29,329000,,,
d6532718_5_0259.avi,2015,6,12,17,36,30,583000,,,
d6532718_5_0260.avi,2015,6,12,17,38,29,653000,experiment,,
d6532718_5_0261.avi,2015,6,12,17,40,32,276000,experiment,,
d6532718_5_0262.avi,2015,6,12,17,42,30,26000,experiment,,
d6532718_5_0263.avi,2015,6,12,17,44,28,945000,experiment,,
d6532718_5_0264.avi,2015,6,12,17,46,30,267000,experiment,,
d6532718_5_0265.avi,2015,6,12,17,48,29,370000,experiment,,
d6532718_5_0266.avi,2015,6,12,17,50,29,590000,experiment,,
d6532718_5_0267.avi,2015,6,12,17,52,29,476000,experiment,,
d6532718_5_0268.avi,2015,6,12,17,54,29,228000,experiment,,
d6532718_5_0269.avi,2015,6,12,17,56,29,448000,experiment,,
d6532718_5_0270.avi,2015,6,12,17,58,28,968000,experiment,,
d6532718_5_0271.avi,2015,6,12,18,0,30,675000,experiment,,
d6532718_5_0272.avi,2015,6,12,18,2,29,127000,experiment,,
d6532718_5_0273.avi,2015,6,12,18,4,30,214000,experiment,,
d6532718_5_0274.avi,2015,6,12,18,6,29,467000,experiment,,
d6532718_5_0275.avi,2015,6,12,18,8,29,363000,experiment,,
d6532718_5_0276.avi,2015,6,12,18,10,29,523000,experiment,,
d6532718_5_0277.avi,2015,6,12,18,12,29,243000,experiment,,
d6532718_5_0278.avi,2015,6,12,18,14,31,98000,experiment,,
d6532718_5_0279.avi,2015,6,12,18,16,29,50000,experiment,,
d6532718_5_0280.avi,2015,6,12,18,18,29,137000,experiment,,
d6532718_5_0281.avi,2015,6,12,18,20,29,457000,experiment,,
d6532718_5_0282.avi,2015,6,12,18,22,28,995000,experiment,,
d6532718_5_0283.avi,2015,6,12,18,24,29,447000,experiment,,
d6532718_5_0284.avi,2015,6,12,18,26,29,667000,experiment,,
d6532718_5_0285.avi,2015,6,12,18,28,29,21000,experiment,,
d6532718_5_0286.avi,2015,6,12,18,30,29,341000,,talk,wake
d6532718_5_0287.avi,2015,6,12,18,32,28,878000,,talk,wake
d6532718_5_0288.avi,2015,6,12,18,34,30,433000,,talk,wake
d6532718_5_0289.avi,2015,6,12,18,36,29,485000,,talk,wake
d6532718_5_0290.avi,2015,6,12,18,38,29,337000,,,wake
d6532718_5_0291.avi,2015,6,12,18,40,29,57000,,,wake
d6532718_5_0292.avi,2015,6,12,18,42,29,577000,,,wake
d6532718_5_0293.avi,2015,6,12,18,44,29,48000,,,wake
d6532718_5_0294.avi,2015,6,12,18,46,30,102000,,,wake
d6532718_5_0295.avi,2015,6,12,18,48,31,790000,,,wake
d6532718_5_0296.avi,2015,6,12,18,50,31,610000,,sleep,sleep
d6532718_5_0297.avi,2015,6,12,18,52,30,963000,,sleep,sleep
d6532718_5_0298.avi,2015,6,12,18,54,29,931000,,sleep,sleep
d6532718_5_0299.avi,2015,6,12,18,56,28,917000,,sleep,sleep
d6532718_5_0300.avi,2015,6,12,18,58,31,5000,,sleep,sleep
d6532718_5_0301.avi,2015,6,12,19,0,29,391000,,sleep,sleep
d6532718_5_0302.avi,2015,6,12,19,2,30,346000,,sleep,sleep
d6532718_5_0303.avi,2015,6,12,19,4,31,433000,,,wake
d6532718_5_0304.avi,2015,6,12,19,6,28,767000,,,wake
d6532718_5_0305.avi,2015,6,12,19,8,30,606000,,,wake
d6532718_5_0306.avi,2015,6,12,19,10,29,290000,,talk,wake
d6532718_5_0307.avi,2015,6,12,19,12,29,78000,,talk,wake
d6532718_5_0308.avi,2015,6,12,19,14,30,365000,,talk,wake
d6532718_5_0309.avi,2015,6,12,19,16,29,452000,,talk,wake
d6532718_5_0310.avi,2015,6,12,19,18,29,605000,,talk,wake
d6532718_5_0311.avi,2015,6,12,19,20,30,960000,,,wake
d6532718_5_0312.avi,2015,6,12,19,22,28,811000,,,wake
d6532718_5_0313.avi,2015,6,12,19,24,29,130000,,,wake
d6532718_5_0314.avi,2015,6,12,19,26,30,651000,,,wake
d6532718_5_0315.avi,2015,6,12,19,28,28,855000,,,wake
d6532718_5_0316.avi,2015,6,12,19,30,29,575000,,,wake
d6532718_5_0317.avi,2015,6,12,19,32,28,961000,,,wake
d6532718_5_0318.avi,2015,6,12,19,34,29,915000,,,wake
d6532718_5_0319.avi,2015,6,12,19,36,30,35000,,,wake
d6532718_5_0320.avi,2015,6,12,19,38,29,438000,,,wake
d6532718_5_0321.avi,2015,6,12,19,40,29,524000,,,wake
d6532718_5_0322.avi,2015,6,12,19,42,28,844000,,,wake
d6532718_5_0323.avi,2015,6,12,19,44,31,200000,,,wake
d6532718_5_0324.avi,2015,6,12,19,46,29,385000,,,wake
d6532718_5_0325.avi,2015,6,12,19,48,28,771000,,,wake
d6532718_5_0326.avi,2015,6,12,19,50,28,908000,,,wake
d6532718_5_0327.avi,2015,6,12,19,52,29,60000,,TV,wake
d6532718_5_0328.avi,2015,6,12,19,54,29,280000,,TV,wake
d6532718_5_0329.avi,2015,6,12,19,56,30,535000,,TV,wake
d6532718_5_0330.avi,2015,6,12,19,58,28,854000,,TV,wake
d6532718_5_0331.avi,2015,6,12,20,0,28,858000,,TV,wake
d6532718_5_0332.avi,2015,6,12,20,2,31,113000,,TV,wake
d6532718_5_0333.avi,2015,6,12,20,4,30,399000,,TV,wake
d6532718_5_0334.avi,2015,6,12,20,6,30,753000,,TV,wake
d6532718_5_0335.avi,2015,6,12,20,8,31,300000,,TV,wake
d6532718_5_0336.avi,2015,6,12,20,10,29,50000,,,wake
d6532718_5_0337.avi,2015,6,12,20,12,29,662000,,,wake
d6532718_5_0338.avi,2015,6,12,20,14,29,582000,,,wake
d6532718_5_0339.avi,2015,6,12,20,16,29,201000,,,wake
d6532718_5_0340.avi,2015,6,12,20,18,30,956000,,,wake
d6532718_5_0341.avi,2015,6,12,20,20,29,575000,,,wake
d6532718_5_0342.avi,2015,6,12,20,22,29,980000,,,wake
d6532718_5_0343.avi,2015,6,12,20,24,29,31000,,,wake
d6532718_5_0344.avi,2015,6,12,20,26,29,620000,,,wake
d6532718_5_0345.avi,2015,6,12,20,28,28,972000,,,wake
d6532718_5_0346.avi,2015,6,12,20,30,29,259000,,,wake
d6532718_5_0347.avi,2015,6,12,20,32,29,279000,,,wake
d6532718_5_0348.avi,2015,6,12,20,34,28,782000,,,wake
d6532718_5_0349.avi,2015,6,12,20,36,30,971000,,,wake
d6532718_5_0350.avi,2015,6,12,20,38,29,622000,,,wake
d6532718_5_0351.avi,2015,6,12,20,40,28,842000,,,wake
d6532718_5_0352.avi,2015,6,12,20,42,29,262000,,,wake
d6532718_5_0353.avi,2015,6,12,20,44,29,99000,,smartphone,wake
d6532718_5_0354.avi,2015,6,12,20,46,28,886000,,smartphone,wake
d6532718_5_0355.avi,2015,6,12,20,48,28,672000,,smartphone,wake
d6532718_5_0356.avi,2015,6,12,20,50,29,893000,,smartphone,wake
d6532718_5_0357.avi,2015,6,12,20,52,29,111000,,smartphone,wake
d6532718_5_0358.avi,2015,6,12,20,54,30,99000,,,wake
d6532718_5_0359.avi,2015,6,12,20,56,29,136000,,,wake
d6532718_5_0360.avi,2015,6,12,20,58,30,506000,,,wake
d6532718_5_0361.avi,2015,6,12,21,0,31,794000,,,wake
d6532718_5_0362.avi,2015,6,12,21,2,31,914000,,,wake
d6532718_5_0363.avi,2015,6,12,21,4,31,33000,,,wake
d6532718_5_0364.avi,2015,6,12,21,6,31,137000,,,wake
d6532718_5_0365.avi,2015,6,12,21,8,30,296000,,,wake
d6532718_5_0366.avi,2015,6,12,21,10,30,648000,,,wake
d6532718_5_0367.avi,2015,6,12,21,12,30,836000,,,wake
d6532718_5_0368.avi,2015,6,12,21,14,31,56000,,,wake
d6532718_5_0369.avi,2015,6,12,21,16,30,876000,,sleep,sleep
d6532718_5_0370.avi,2015,6,12,21,18,30,642000,,sleep,sleep
d6532718_5_0371.avi,2015,6,12,21,20,31,763000,,sleep,sleep
d6532718_5_0372.avi,2015,6,12,21,22,31,48000,,sleep,sleep
d6532718_5_0373.avi,2015,6,12,21,24,31,301000,,sleep,sleep
d6532718_5_0374.avi,2015,6,12,21,26,30,621000,,sleep,sleep
d6532718_5_0375.avi,2015,6,12,21,28,32,961000,,sleep,sleep
d6532718_5_0376.avi,2015,6,12,21,30,30,245000,,,wake
d6532718_5_0377.avi,2015,6,12,21,32,31,666000,,,wake
d6532718_5_0378.avi,2015,6,12,21,34,30,551000,,,wake
d6532718_5_0379.avi,2015,6,12,21,36,31,472000,,,wake
d6532718_5_0380.avi,2015,6,12,21,38,33,527000,,,wake
d6532718_5_0381.avi,2015,6,12,21,40,30,528000,,,wake
d6532718_5_0382.avi,2015,6,12,21,42,30,515000,,,wake
d6532718_5_0383.avi,2015,6,12,21,44,31,335000,,,wake
d6532718_5_0384.avi,2015,6,12,21,46,31,122000,,,wake
d6532718_5_0385.avi,2015,6,12,21,48,30,708000,,,wake
d6532718_5_0386.avi,2015,6,12,21,50,30,278000,,,wake
d6532718_5_0387.avi,2015,6,12,21,52,30,265000,,,wake
d6532718_5_0388.avi,2015,6,12,21,54,31,184000,,,wake
d6532718_5_0389.avi,2015,6,12,21,56,31,105000,,,wake
d6532718_5_0390.avi,2015,6,12,21,58,31,125000,,,wake
d6532718_5_0391.avi,2015,6,12,22,0,31,712000,,,wake
d6532718_5_0392.avi,2015,6,12,22,2,30,982000,,,wake
d6532718_5_0393.avi,2015,6,12,22,4,30,368000,,,wake
d6532718_5_0394.avi,2015,6,12,22,6,30,688000,,,wake
d6532718_5_0395.avi,2015,6,12,22,8,30,941000,,,wake
d6532718_5_0396.avi,2015,6,12,22,10,30,494000,,,wake
d6532718_5_0397.avi,2015,6,12,22,12,31,566000,,,wake
d6532718_5_0398.avi,2015,6,12,22,14,30,485000,,,wake
d6532718_5_0399.avi,2015,6,12,22,16,34,542000,,,wake
d6532718_5_0400.avi,2015,6,12,22,18,30,291000,,,wake
d6532718_5_0401.avi,2015,6,12,22,20,31,312000,private,,wake
d6532718_5_0402.avi,2015,6,12,22,22,32,133000,private,,wake
d6532718_5_0403.avi,2015,6,12,22,24,31,870000,private,,wake
d6532718_5_0404.avi,2015,6,12,22,26,30,823000,private,,wake
d6532718_5_0405.avi,2015,6,12,22,28,31,76000,private,,wake
d6532718_5_0406.avi,2015,6,12,22,30,30,763000,private,,wake
d6532718_5_0407.avi,2015,6,12,22,32,32,484000,,,wake
d6532718_5_0408.avi,2015,6,12,22,34,31,120000,,,wake
d6532718_5_0409.avi,2015,6,12,22,36,30,473000,,,wake
d6532718_5_0410.avi,2015,6,12,22,38,30,525000,,,wake
d6532718_5_0411.avi,2015,6,12,22,40,30,446000,,,wake
d6532718_5_0412.avi,2015,6,12,22,42,31,967000,,,wake
d6532718_5_0413.avi,2015,6,12,22,44,31,53000,,,wake
d6532718_5_0414.avi,2015,6,12,22,46,30,756000,,,wake
d6532718_5_0415.avi,2015,6,12,22,48,30,543000,,,wake
d6532718_5_0416.avi,2015,6,12,22,50,31,230000,,,wake
d6532718_5_0417.avi,2015,6,12,22,52,31,83000,,,wake
d6532718_5_0418.avi,2015,6,12,22,54,30,469000,,,wake
d6532718_5_0419.avi,2015,6,12,22,56,30,573000,,,wake
d6532718_5_0420.avi,2015,6,12,22,58,30,493000,,sleep,sleep
d6532718_5_0421.avi,2015,6,12,23,0,30,579000,,sleep,sleep
d6532718_5_0422.avi,2015,6,12,23,2,30,699000,,sleep,sleep
d6532718_5_0423.avi,2015,6,12,23,4,31,754000,,sleep,sleep
d6532718_5_0424.avi,2015,6,12,23,6,30,973000,,sleep,sleep
d6532718_5_0425.avi,2015,6,12,23,8,30,209000,,sleep,sleep
d6532718_5_0426.avi,2015,6,12,23,10,30,329000,,sleep,sleep
d6532718_5_0427.avi,2015,6,12,23,12,30,416000,,sleep,sleep
d6532718_5_0428.avi,2015,6,12,23,14,30,536000,,sleep,sleep
d6532718_5_0429.avi,2015,6,12,23,16,31,657000,,sleep,sleep
d6532718_5_0430.avi,2015,6,12,23,18,30,694000,,sleep,sleep
d6532718_5_0431.avi,2015,6,12,23,20,30,747000,,sleep,sleep
d6532718_5_0432.avi,2015,6,12,23,22,30,867000,,sleep,sleep
d6532718_5_0433.avi,2015,6,12,23,24,30,954000,,sleep,sleep
d6532718_5_0434.avi,2015,6,12,23,26,30,73000,,sleep,sleep
d6532718_5_0435.avi,2015,6,12,23,28,31,227000,,sleep,sleep
d6532718_5_0436.avi,2015,6,12,23,30,30,464000,,sleep,sleep
d6532718_5_0437.avi,2015,6,12,23,32,31,518000,,sleep,sleep
d6532718_5_0438.avi,2015,6,12,23,34,30,70000,,sleep,sleep
d6532718_5_0439.avi,2015,6,12,23,36,30,190000,,sleep,sleep
d6532718_5_0440.avi,2015,6,12,23,38,30,310000,,sleep,sleep
d6532718_5_0441.avi,2015,6,12,23,40,30,113000,,sleep,sleep
d6532718_5_0442.avi,2015,6,12,23,42,31,234000,,sleep,sleep
d6532718_5_0443.avi,2015,6,12,23,44,31,354000,,sleep,sleep
d6532718_5_0444.avi,2015,6,12,23,46,30,507000,,sleep,sleep
d6532718_5_0445.avi,2015,6,12,23,48,30,660000,,sleep,sleep
d6532718_5_0446.avi,2015,6,12,23,50,30,780000,,sleep,sleep
d6532718_5_0447.avi,2015,6,12,23,52,31,952000,,sleep,sleep
d6532718_5_0448.avi,2015,6,12,23,54,30,170000,,sleep,sleep
d6532718_5_0449.avi,2015,6,12,23,56,30,357000,,sleep,sleep
d6532718_5_0450.avi,2015,6,12,23,58,31,478000,,sleep,sleep
d6532718_5_0451.avi,2015,6,13,0,0,30,597000,,sleep,sleep
d6532718_5_0452.avi,2015,6,13,0,2,30,701000,,sleep,sleep
d6532718_5_0453.avi,2015,6,13,0,4,31,855000,,sleep,sleep
d6532718_5_0454.avi,2015,6,13,0,6,30,107000,,,
d6532718_5_0455.avi,2015,6,13,0,8,30,771000,,,
d6532718_5_0456.avi,2015,6,13,0,10,32,760000,,,
d6532718_5_0457.avi,2015,6,13,0,12,32,212000,,sleep,sleep
d6532718_5_0458.avi,2015,6,13,0,14,30,370000,,sleep,sleep
d6532718_5_0459.avi,2015,6,13,0,16,30,624000,,sleep,sleep
d6532718_5_0460.avi,2015,6,13,0,18,32,946000,,sleep,sleep
d6532718_5_0461.avi,2015,6,13,0,20,30,63000,,sleep,sleep
d6532718_5_0462.avi,2015,6,13,0,22,30,216000,,sleep,sleep
d6532718_5_0463.avi,2015,6,13,0,24,30,355000,,sleep,sleep
d6532718_5_0464.avi,2015,6,13,0,26,32,577000,,sleep,sleep
d6532718_5_0465.avi,2015,6,13,0,28,30,662000,,sleep,sleep
d6532718_5_0466.avi,2015,6,13,0,30,32,850000,,sleep,sleep
d6532718_5_0467.avi,2015,6,13,0,32,30,935000,,sleep,sleep
d6532718_5_0468.avi,2015,6,13,0,34,30,21000,,,
d6532718_5_0469.avi,2015,6,13,0,36,29,959000,,,
d6532718_5_0470.avi,2015,6,13,0,38,31,79000,,,
d6532718_5_0471.avi,2015,6,13,0,40,31,566000,,,
d6532718_5_0472.avi,2015,6,13,0,42,30,618000,,,
d6532718_5_0473.avi,2015,6,13,0,44,30,938000,,,
d6532718_5_0474.avi,2015,6,13,0,46,30,176000,,sleep,sleep
d6532718_5_0475.avi,2015,6,13,0,48,30,462000,,sleep,sleep
d6532718_5_0476.avi,2015,6,13,0,50,30,816000,,sleep,sleep
d6532718_5_0477.avi,2015,6,13,0,52,30,102000,,sleep,sleep
d6532718_5_0478.avi,2015,6,13,0,54,30,455000,,sleep,sleep
d6532718_5_0479.avi,2015,6,13,0,56,31,810000,,sleep,sleep
d6532718_5_0480.avi,2015,6,13,0,58,30,45000,,sleep,sleep
d6532718_5_0481.avi,2015,6,13,1,0,30,366000,,sleep,sleep
d6532718_5_0482.avi,2015,6,13,1,2,31,654000,,sleep,sleep
d6532718_5_0483.avi,2015,6,13,1,4,30,906000,,sleep,sleep
d6532718_5_0484.avi,2015,6,13,1,6,30,158000,,sleep,sleep
d6532718_5_0485.avi,2015,6,13,1,8,30,429000,,sleep,sleep
d6532718_5_0486.avi,2015,6,13,1,10,32,718000,,sleep,sleep
d6532718_5_0487.avi,2015,6,13,1,12,30,35000,,sleep,sleep
d6532718_5_0488.avi,2015,6,13,1,14,30,55000,,sleep,sleep
d6532718_5_0489.avi,2015,6,13,1,16,30,109000,,sleep,sleep
d6532718_5_0490.avi,2015,6,13,1,18,30,162000,,sleep,sleep
d6532718_5_0491.avi,2015,6,13,1,20,31,201000,,sleep,sleep
d6532718_5_0492.avi,2015,6,13,1,22,30,387000,,sleep,sleep
d6532718_5_0493.avi,2015,6,13,1,24,31,641000,,sleep,sleep
d6532718_5_0494.avi,2015,6,13,1,26,32,896000,,sleep,sleep
d6532718_5_0495.avi,2015,6,13,1,28,30,46000,,sleep,sleep
d6532718_5_0496.avi,2015,6,13,1,30,30,317000,,sleep,sleep
d6532718_5_0497.avi,2015,6,13,1,32,32,706000,,sleep,sleep
d6532718_5_0498.avi,2015,6,13,1,34,31,91000,,sleep,sleep
d6532718_5_0499.avi,2015,6,13,1,36,30,578000,,,
d6532718_5_0500.avi,2015,6,13,1,38,31,865000,,,
d6532718_5_0501.avi,2015,6,13,1,40,29,883000,,sleep,sleep
d6532718_5_0502.avi,2015,6,13,1,42,30,320000,,sleep,sleep
d6532718_5_0503.avi,2015,6,13,1,44,30,807000,,sleep,sleep
d6532718_5_0504.avi,2015,6,13,1,46,30,227000,,sleep,sleep
d6532718_5_0505.avi,2015,6,13,1,48,30,547000,,sleep,sleep
d6532718_5_0506.avi,2015,6,13,1,50,31,835000,,sleep,sleep
d6532718_5_0507.avi,2015,6,13,1,52,30,871000,,sleep,sleep
d6532718_5_0508.avi,2015,6,13,1,54,30,424000,,sleep,sleep
d6532718_5_0509.avi,2015,6,13,1,56,29,943000,,sleep,sleep
d6532718_5_0510.avi,2015,6,13,1,58,30,430000,,sleep,sleep
d6532718_5_0511.avi,2015,6,13,2,0,31,51000,,sleep,sleep
d6532718_5_0512.avi,2015,6,13,2,2,30,737000,,sleep,sleep
d6532718_5_0513.avi,2015,6,13,2,4,30,374000,,sleep,sleep
d6532718_5_0514.avi,2015,6,13,2,6,29,993000,,sleep,sleep
d6532718_5_0515.avi,2015,6,13,2,8,30,720000,,sleep,sleep
d6532718_5_0516.avi,2015,6,13,2,10,31,541000,,sleep,sleep
d6532718_5_0517.avi,2015,6,13,2,12,30,226000,,,
d6532718_5_0518.avi,2015,6,13,2,14,31,124000,,,
d6532718_5_0519.avi,2015,6,13,2,16,32,913000,,,
d6532718_5_0520.avi,2015,6,13,2,18,31,598000,,,
d6532718_5_0521.avi,2015,6,13,2,20,30,418000,,,
d6532718_5_0522.avi,2015,6,13,2,22,30,236000,,,
d6532718_5_0523.avi,2015,6,13,2,24,30,56000,,sleep,sleep
d6532718_5_0524.avi,2015,6,13,2,26,29,861000,,sleep,sleep
d6532718_5_0525.avi,2015,6,13,2,28,30,748000,,sleep,sleep
d6532718_5_0526.avi,2015,6,13,2,30,31,636000,,sleep,sleep
d6532718_5_0527.avi,2015,6,13,2,32,30,388000,,sleep,sleep
d6532718_5_0528.avi,2015,6,13,2,34,29,875000,,sleep,sleep
d6532718_5_0529.avi,2015,6,13,2,36,31,313000,,,
d6532718_5_0530.avi,2015,6,13,2,38,30,665000,,,
d6532718_5_0531.avi,2015,6,13,2,40,31,919000,,,
d6532718_5_0532.avi,2015,6,13,2,42,31,672000,,,
d6532718_5_0533.avi,2015,6,13,2,44,31,492000,,sleep,sleep
d6532718_5_0534.avi,2015,6,13,2,46,30,177000,,sleep,sleep
d6532718_5_0535.avi,2015,6,13,2,48,29,949000,,sleep,sleep
d6532718_5_0536.avi,2015,6,13,2,50,31,737000,,sleep,sleep
d6532718_5_0537.avi,2015,6,13,2,52,30,421000,,sleep,sleep
d6532718_5_0538.avi,2015,6,13,2,54,30,174000,,sleep,sleep
d6532718_5_0539.avi,2015,6,13,2,56,30,27000,,sleep,sleep
d6532718_5_0540.avi,2015,6,13,2,58,31,866000,,sleep,sleep
d6532718_5_0541.avi,2015,6,13,3,0,30,652000,,sleep,sleep
d6532718_5_0542.avi,2015,6,13,3,2,30,471000,,sleep,sleep
d6532718_5_0543.avi,2015,6,13,3,4,30,259000,,,
d6532718_5_0544.avi,2015,6,13,3,6,30,144000,,,
d6532718_5_0545.avi,2015,6,13,3,8,29,805000,,,
d6532718_5_0546.avi,2015,6,13,3,10,30,135000,,,
d6532718_5_0547.avi,2015,6,13,3,12,30,488000,,,
d6532718_5_0548.avi,2015,6,13,3,14,29,874000,,,
d6532718_5_0549.avi,2015,6,13,3,16,30,528000,,,
d6532718_5_0550.avi,2015,6,13,3,18,30,649000,,,
d6532718_5_0551.avi,2015,6,13,3,20,30,687000,,,
d6532718_5_0552.avi,2015,6,13,3,22,31,842000,,,
d6532718_5_0553.avi,2015,6,13,3,24,29,892000,,,
d6532718_5_0554.avi,2015,6,13,3,26,31,80000,,,
d6532718_5_0555.avi,2015,6,13,3,28,29,898000,private,,
d6532718_5_0556.avi,2015,6,13,3,30,30,552000,private,,
d6532718_5_0557.avi,2015,6,13,3,32,30,557000,,,
d6532718_5_0558.avi,2015,6,13,3,34,30,845000,,,
d6532718_5_0559.avi,2015,6,13,3,36,31,165000,,,
d6532718_5_0560.avi,2015,6,13,3,38,30,116000,,,
d6532718_5_0561.avi,2015,6,13,3,40,31,337000,,,
d6532718_5_0562.avi,2015,6,13,3,42,31,642000,,,
d6532718_5_0563.avi,2015,6,13,3,44,31,328000,,,
d6532718_5_0564.avi,2015,6,13,3,46,30,247000,,,
d6532718_5_0565.avi,2015,6,13,3,48,33,536000,,,
d6532718_5_0566.avi,2015,6,13,3,50,29,853000,,,
d6532718_5_0567.avi,2015,6,13,3,52,30,406000,,sleep,sleep
d6532718_5_0568.avi,2015,6,13,3,54,31,511000,,sleep,sleep
d6532718_5_0569.avi,2015,6,13,3,56,30,530000,,sleep,sleep
d6532718_5_0570.avi,2015,6,13,3,58,30,550000,,sleep,sleep
d6532718_5_0571.avi,2015,6,13,4,0,31,604000,,sleep,sleep
d6532718_5_0572.avi,2015,6,13,4,2,30,591000,,sleep,sleep
d6532718_5_0573.avi,2015,6,13,4,4,31,645000,,sleep,sleep
d6532718_5_0574.avi,2015,6,13,4,6,30,647000,,sleep,sleep
d6532718_5_0575.avi,2015,6,13,4,8,30,714000,,sleep,sleep
d6532718_5_0576.avi,2015,6,13,4,10,29,700000,,sleep,sleep
d6532718_5_0577.avi,2015,6,13,4,12,29,719000,,sleep,sleep
d6532718_5_0578.avi,2015,6,13,4,14,30,707000,,sleep,sleep
d6532718_5_0579.avi,2015,6,13,4,16,31,631000,,sleep,sleep
d6532718_5_0580.avi,2015,6,13,4,18,31,619000,,sleep,sleep
d6532718_5_0581.avi,2015,6,13,4,20,34,675000,,sleep,sleep
d6532718_5_0582.avi,2015,6,13,4,22,32,593000,,sleep,sleep
d6532718_5_0583.avi,2015,6,13,4,24,30,477000,,sleep,sleep
d6532718_5_0584.avi,2015,6,13,4,26,30,496000,,sleep,sleep
d6532718_5_0585.avi,2015,6,13,4,28,29,634000,,sleep,sleep
d6532718_5_0586.avi,2015,6,13,4,30,31,122000,,sleep,sleep
d6532718_5_0587.avi,2015,6,13,4,32,29,808000,,sleep,sleep
d6532718_5_0588.avi,2015,6,13,4,34,32,664000,,sleep,sleep
d6532718_5_0589.avi,2015,6,13,4,36,31,349000,,sleep,sleep
d6532718_5_0590.avi,2015,6,13,4,38,30,18000,,sleep,sleep
d6532718_5_0591.avi,2015,6,13,4,40,32,840000,,sleep,sleep
d6532718_5_0592.avi,2015,6,13,4,42,30,491000,,sleep,sleep
d6532718_5_0593.avi,2015,6,13,4,44,29,677000,,sleep,sleep
d6532718_5_0594.avi,2015,6,13,4,46,29,831000,,sleep,sleep
d6532718_5_0595.avi,2015,6,13,4,48,29,951000,,sleep,sleep
d6532718_5_0596.avi,2015,6,13,4,50,30,154000,,sleep,sleep
d6532718_5_0597.avi,2015,6,13,4,52,30,508000,,sleep,sleep
d6532718_5_0598.avi,2015,6,13,4,54,29,827000,,sleep,sleep
d6532718_5_0599.avi,2015,6,13,4,56,30,281000,,sleep,sleep
d6532718_5_0600.avi,2015,6,13,4,58,29,733000,,sleep,sleep
d6532718_5_0601.avi,2015,6,13,5,0,31,272000,,sleep,sleep
d6532718_5_0602.avi,2015,6,13,5,2,29,825000,,,
d6532718_5_0603.avi,2015,6,13,5,4,31,146000,,,
d6532718_5_0604.avi,2015,6,13,5,6,29,730000,,,
d6532718_5_0605.avi,2015,6,13,5,8,30,240000,,,
d6532718_5_0606.avi,2015,6,13,5,10,29,960000,,,
d6532718_5_0607.avi,2015,6,13,5,12,30,541000,,sleep,sleep
d6532718_5_0608.avi,2015,6,13,5,14,30,294000,,sleep,sleep
d6532718_5_0609.avi,2015,6,13,5,16,30,549000,,sleep,sleep
d6532718_5_0610.avi,2015,6,13,5,18,30,135000,,sleep,sleep
d6532718_5_0611.avi,2015,6,13,5,20,30,88000,,sleep,sleep
d6532718_5_0612.avi,2015,6,13,5,22,31,93000,,sleep,sleep
d6532718_5_0613.avi,2015,6,13,5,24,31,547000,,,
d6532718_5_0614.avi,2015,6,13,5,26,29,832000,,,
d6532718_5_0615.avi,2015,6,13,5,28,29,918000,,sleep,sleep
d6532718_5_0616.avi,2015,6,13,5,30,30,872000,,sleep,sleep
d6532718_5_0617.avi,2015,6,13,5,32,32,61000,,sleep,sleep
d6532718_5_0618.avi,2015,6,13,5,34,31,298000,,sleep,sleep
d6532718_5_0619.avi,2015,6,13,5,36,30,816000,,sleep,sleep
d6532718_5_0620.avi,2015,6,13,5,38,30,2000,,sleep,sleep
d6532718_5_0621.avi,2015,6,13,5,40,31,189000,,sleep,sleep
d6532718_5_0622.avi,2015,6,13,5,42,31,476000,,sleep,sleep
d6532718_5_0623.avi,2015,6,13,5,44,31,180000,,sleep,sleep
d6532718_5_0624.avi,2015,6,13,5,46,31,401000,,sleep,sleep
d6532718_5_0625.avi,2015,6,13,5,48,31,121000,,sleep,sleep
d6532718_5_0626.avi,2015,6,13,5,50,31,74000,,,
d6532718_5_0627.avi,2015,6,13,5,52,30,392000,,,
d6532718_5_0628.avi,2015,6,13,5,54,30,412000,,,
d6532718_5_0629.avi,2015,6,13,5,56,29,882000,,,
d6532718_5_0630.avi,2015,6,13,5,58,30,703000,,sleep,
d6532718_5_0631.avi,2015,6,13,6,0,29,823000,,sleep,
d6532718_5_0632.avi,2015,6,13,6,2,30,944000,,sleep,
d6532718_5_0633.avi,2015,6,13,6,4,30,63000,,sleep,
d6532718_5_0634.avi,2015,6,13,6,6,31,167000,,sleep,
d6532718_5_0635.avi,2015,6,13,6,8,31,373000,,sleep,
d6532718_5_0636.avi,2015,6,13,6,10,30,492000,,sleep,
d6532718_5_0637.avi,2015,6,13,6,12,29,611000,,sleep,
d6532718_5_0638.avi,2015,6,13,6,14,30,733000,,sleep,
d6532718_5_0639.avi,2015,6,13,6,16,30,853000,,sleep,
d6532718_5_0640.avi,2015,6,13,6,18,30,904000,,sleep,
d6532718_5_0641.avi,2015,6,13,6,20,31,24000,,sleep,
d6532718_5_0642.avi,2015,6,13,6,22,31,143000,,sleep,
d6532718_5_0643.avi,2015,6,13,6,24,31,263000,,sleep,
d6532718_5_0644.avi,2015,6,13,6,26,31,383000,,sleep,
d6532718_5_0645.avi,2015,6,13,6,28,29,487000,,sleep,
d6532718_5_0646.avi,2015,6,13,6,30,29,607000,,sleep,
d6532718_5_0647.avi,2015,6,13,6,32,30,728000,,sleep,
d6532718_5_0648.avi,2015,6,13,6,34,29,847000,,sleep,
d6532718_5_0649.avi,2015,6,13,6,36,29,966000,,sleep,
d6532718_5_0650.avi,2015,6,13,6,38,30,86000,,sleep,
d6532718_5_0651.avi,2015,6,13,6,40,31,192000,,sleep,
d6532718_5_0652.avi,2015,6,13,6,42,29,510000,,sleep,
d6532718_5_0653.avi,2015,6,13,6,44,30,32000,,sleep,
d6532718_5_0654.avi,2015,6,13,6,46,30,719000,,sleep,
d6532718_5_0655.avi,2015,6,13,6,48,29,471000,,sleep,
d6532718_5_0656.avi,2015,6,13,6,50,30,274000,,sleep,
d6532718_5_0657.avi,2015,6,13,6,52,30,228000,,sleep,
d6532718_5_0658.avi,2015,6,13,6,54,29,981000,,sleep,
d6532718_5_0659.avi,2015,6,13,6,56,32,336000,,sleep,
d6532718_5_0660.avi,2015,6,13,6,58,30,622000,,sleep,
d6532718_5_0661.avi,2015,6,13,7,0,29,874000,,sleep,
d6532718_5_0662.avi,2015,6,13,7,2,29,978000,,sleep,
d6532718_5_0663.avi,2015,6,13,7,4,30,231000,,sleep,
d6532718_5_0664.avi,2015,6,13,7,6,30,451000,,sleep,
d6532718_5_0665.avi,2015,6,13,7,8,29,802000,,sleep,
d6532718_5_0666.avi,2015,6,13,7,10,31,123000,,sleep,
d6532718_5_0667.avi,2015,6,13,7,12,29,428000,,sleep,
d6532718_5_0668.avi,2015,6,13,7,14,31,917000,,sleep,
d6532718_5_0669.avi,2015,6,13,7,16,30,335000,,sleep,
d6532718_5_0670.avi,2015,6,13,7,18,29,988000,,sleep,
d6532718_5_0671.avi,2015,6,13,7,20,30,508000,,sleep,
d6532718_5_0672.avi,2015,6,13,7,22,30,494000,,sleep,
d6532718_5_0673.avi,2015,6,13,7,24,29,498000,,sleep,
d6532718_5_0674.avi,2015,6,13,7,26,29,551000,,sleep,
d6532718_5_0675.avi,2015,6,13,7,28,29,839000,,sleep,
d6532718_5_0676.avi,2015,6,13,7,30,29,792000,,sleep,
d6532718_5_0677.avi,2015,6,13,7,32,30,713000,,sleep,
d6532718_5_0678.avi,2015,6,13,7,34,31,117000,,sleep,
d6532718_5_0679.avi,2015,6,13,7,36,29,368000,,sleep,
d6532718_5_0680.avi,2015,6,13,7,38,29,655000,,sleep,
d6532718_5_0681.avi,2015,6,13,7,40,31,910000,,sleep,
d6532718_5_0682.avi,2015,6,13,7,42,30,363000,,sleep,
d6532718_5_0683.avi,2015,6,13,7,44,30,216000,,sleep,
d6532718_5_0684.avi,2015,6,13,7,46,29,853000,,sleep,
d6532718_5_0685.avi,2015,6,13,7,48,30,840000,,sleep,
d6532718_5_0686.avi,2015,6,13,7,50,30,325000,,sleep,
d6532718_5_0687.avi,2015,6,13,7,52,30,846000,,sleep,
d6532718_5_0688.avi,2015,6,13,7,54,30,432000,,sleep,
d6532718_5_0689.avi,2015,6,13,7,56,32,404000,,sleep,
d6532718_5_0690.avi,2015,6,13,7,58,30,223000,,,
d6532718_5_0691.avi,2015,6,13,8,0,30,210000,,,
d6532718_5_0692.avi,2015,6,13,8,2,29,629000,,,
d6532718_5_0693.avi,2015,6,13,8,4,29,381000,,,
d6532718_5_0694.avi,2015,6,13,8,6,29,734000,,,
d6532718_5_0695.avi,2015,6,13,8,8,30,673000,,,
d6532718_5_0696.avi,2015,6,13,8,10,29,958000,,sleep,
d6532718_5_0697.avi,2015,6,13,8,12,29,312000,,sleep,
d6532718_5_0698.avi,2015,6,13,8,14,29,899000,,sleep,
d6532718_5_0699.avi,2015,6,13,8,16,31,854000,,sleep,
d6532718_5_0700.avi,2015,6,13,8,18,29,823000,,,