ffb52f92_5_0001.avi,2015,7,3,8,11,57,27000,,4.67288,
ffb52f92_5_0002.avi,2015,7,3,8,13,57,381000,,4.26262,
ffb52f92_5_0003.avi,2015,7,3,8,15,56,933000,,4.31437,
ffb52f92_5_0004.avi,2015,7,3,8,17,57,519000,,4.35022,
ffb52f92_5_0005.avi,2015,7,3,8,19,58,274000,,4.27954,
ffb52f92_5_0006.avi,2015,7,3,8,21,58,37000,,4.27124,
ffb52f92_5_0007.avi,2015,7,3,8,23,56,689000,,4.58607,
ffb52f92_5_0008.avi,2015,7,3,8,25,58,610000,,4.42809,
ffb52f92_5_0009.avi,2015,7,3,8,27,57,563000,,4.45303,
ffb52f92_5_0010.avi,2015,7,3,8,29,57,516000,,4.42555,
ffb52f92_5_0011.avi,2015,7,3,8,31,57,401000,,4.40087,
ffb52f92_5_0012.avi,2015,7,3,8,33,57,299000,,4.34948,
ffb52f92_5_0013.avi,2015,7,3,8,35,57,152000,,4.48269,
ffb52f92_5_0014.avi,2015,7,3,8,37,58,106000,,4.37619,
ffb52f92_5_0015.avi,2015,7,3,8,39,57,993000,,4.40308,
ffb52f92_5_0016.avi,2015,7,3,8,41,59,948000,,5.35682,
ffb52f92_5_0017.avi,2015,7,3,8,43,57,409000,,3.65493,
ffb52f92_5_0018.avi,2015,7,3,8,45,57,462000,,3.65486,
ffb52f92_5_0019.avi,2015,7,3,8,47,57,514000,,3.73457,
ffb52f92_5_0020.avi,2015,7,3,8,49,57,435000,,3.89729,
ffb52f92_5_0021.avi,2015,7,3,8,52,1,392000,,3.65499,
ffb52f92_5_0022.avi,2015,7,3,8,53,57,141000,,3.87374,
ffb52f92_5_0023.avi,2015,7,3,8,55,57,604000,,3.83129,
ffb52f92_5_0024.avi,2015,7,3,8,57,57,24000,,3.91521,
ffb52f92_5_0025.avi,2015,7,3,8,59,58,512000,,3.8059,
ffb52f92_5_0026.avi,2015,7,3,9,1,57,287000,,3.86382,
ffb52f92_5_0027.avi,2015,7,3,9,3,57,909000,,3.97549,
ffb52f92_5_0028.avi,2015,7,3,9,5,58,481000,,3.75589,
ffb52f92_5_0029.avi,2015,7,3,9,7,56,632000,,3.87109,
ffb52f92_5_0030.avi,2015,7,3,9,9,56,952000,,3.85379,
ffb52f92_5_0031.avi,2015,7,3,9,11,57,306000,,3.79258,
ffb52f92_5_0032.avi,2015,7,3,9,13,56,725000,,3.85926,
ffb52f92_5_0033.avi,2015,7,3,9,15,57,179000,,3.84401,
ffb52f92_5_0034.avi,2015,7,3,9,17,56,608000,,3.8659,
ffb52f92_5_0035.avi,2015,7,3,9,19,58,130000,,3.82916,
ffb52f92_5_0036.avi,2015,7,3,9,21,57,616000,,3.7764,
ffb52f92_5_0037.avi,2015,7,3,9,23,57,269000,,3.74723,TV
ffb52f92_5_0038.avi,2015,7,3,9,25,56,822000,,3.7913,TV
ffb52f92_5_0039.avi,2015,7,3,9,27,57,785000,,4.48277,TV
ffb52f92_5_0040.avi,2015,7,3,9,29,56,771000,,4.69468,TV
ffb52f92_5_0041.avi,2015,7,3,9,31,57,257000,,5.90726,TV
ffb52f92_5_0042.avi,2015,7,3,9,33,58,946000,,3.97322,TV
ffb52f92_5_0043.avi,2015,7,3,9,35,56,597000,,4.4563,TV
ffb52f92_5_0044.avi,2015,7,3,9,37,57,985000,,4.40848,TV
ffb52f92_5_0045.avi,2015,7,3,9,39,56,980000,,4.16599,TV
ffb52f92_5_0046.avi,2015,7,3,9,41,57,967000,,4.11791,
ffb52f92_5_0047.avi,2015,7,3,9,43,56,619000,,4.18804,
ffb52f92_5_0048.avi,2015,7,3,9,45,59,408000,,4.07391,
ffb52f92_5_0049.avi,2015,7,3,9,47,56,826000,,4.13597,
ffb52f92_5_0050.avi,2015,7,3,9,49,56,456000,,4.28107,
ffb52f92_5_0051.avi,2015,7,3,9,52,1,548000,,3.99363,
ffb52f92_5_0052.avi,2015,7,3,9,53,57,63000,,6.36415,
ffb52f92_5_0053.avi,2015,7,3,9,55,56,616000,,5.99098,
ffb52f92_5_0054.avi,2015,7,3,9,58,2,175000,,8.1506,
ffb52f92_5_0055.avi,2015,7,3,9,59,59,125000,,11.1237,
ffb52f92_5_0056.avi,2015,7,3,10,1,56,954000,,6.32003,
ffb52f92_5_0057.avi,2015,7,3,10,3,57,141000,,6.92802,
ffb52f92_5_0058.avi,2015,7,3,10,5,57,27000,,6.76224,
ffb52f92_5_0059.avi,2015,7,3,10,7,58,882000,,7.41451,
ffb52f92_5_0060.avi,2015,7,3,10,9,57,534000,,8.42286,
ffb52f92_5_0061.avi,2015,7,3,10,11,59,630000,,10.601,
ffb52f92_5_0062.avi,2015,7,3,10,13,56,814000,,8.38185,
ffb52f92_5_0063.avi,2015,7,3,10,15,57,535000,,7.81471,
ffb52f92_5_0064.avi,2015,7,3,10,17,57,655000,,5.64754,
ffb52f92_5_0065.avi,2015,7,3,10,19,57,408000,,5.32735,
ffb52f92_5_0066.avi,2015,7,3,10,21,57,294000,,5.19805,
ffb52f92_5_0067.avi,2015,7,3,10,23,58,158000,,8.70428,
ffb52f92_5_0068.avi,2015,7,3,10,25,56,510000,,8.23839,
ffb52f92_5_0069.avi,2015,7,3,10,27,56,797000,,6.28024,
ffb52f92_5_0070.avi,2015,7,3,10,29,56,417000,,7.3803,
ffb52f92_5_0071.avi,2015,7,3,10,31,58,72000,,7.35775,
ffb52f92_5_0072.avi,2015,7,3,10,33,57,66000,,7.33956,
ffb52f92_5_0073.avi,2015,7,3,10,35,56,452000,,7.53474,
ffb52f92_5_0074.avi,2015,7,3,10,37,59,642000,,7.97929,
ffb52f92_5_0075.avi,2015,7,3,10,39,57,460000,,7.65697,
ffb52f92_5_0076.avi,2015,7,3,10,41,57,46000,,7.00494,
ffb52f92_5_0077.avi,2015,7,3,10,43,56,999000,,6.48908,
ffb52f92_5_0078.avi,2015,7,3,10,45,56,662000,,7.36738,
ffb52f92_5_0079.avi,2015,7,3,10,47,56,349000,,6.53901,
ffb52f92_5_0080.avi,2015,7,3,10,49,56,635000,,11.7664,
ffb52f92_5_0081.avi,2015,7,3,10,51,56,755000,,5.05764,
ffb52f92_5_0082.avi,2015,7,3,10,53,56,608000,,4.71931,smartphone
ffb52f92_5_0083.avi,2015,7,3,10,55,56,471000,,5.19357,smartphone
ffb52f92_5_0084.avi,2015,7,3,10,57,56,758000,,5.24485,smartphone
ffb52f92_5_0085.avi,2015,7,3,10,59,56,879000,,5.29443,smartphone
ffb52f92_5_0086.avi,2015,7,3,11,1,57,249000,,4.62951,smartphone
ffb52f92_5_0087.avi,2015,7,3,11,3,56,368000,,4.62951,smartphone
ffb52f92_5_0088.avi,2015,7,3,11,5,57,55000,,4.40952,smartphone
ffb52f92_5_0089.avi,2015,7,3,11,7,56,634000,,4.49531,smartphone
ffb52f92_5_0090.avi,2015,7,3,11,9,57,321000,,4.51275,smartphone
ffb52f92_5_0091.avi,2015,7,3,11,11,57,74000,,4.69651,smartphone
ffb52f92_5_0092.avi,2015,7,3,11,13,57,94000,,4.71831,
ffb52f92_5_0093.avi,2015,7,3,11,15,56,347000,,4.54878,
ffb52f92_5_0094.avi,2015,7,3,11,17,56,342000,,4.58375,
ffb52f92_5_0095.avi,2015,7,3,11,19,56,462000,,4.63768,smartphone
ffb52f92_5_0096.avi,2015,7,3,11,21,56,416000,,4.65752,smartphone
ffb52f92_5_0097.avi,2015,7,3,11,23,56,969000,,4.6762,smartphone
ffb52f92_5_0098.avi,2015,7,3,11,25,56,556000,,4.74353,smartphone
ffb52f92_5_0099.avi,2015,7,3,11,27,57,209000,,4.67621,smartphone
ffb52f92_5_0100.avi,2015,7,3,11,29,57,773000,,4.71791,smartphone
ffb52f92_5_0101.avi,2015,7,3,11,31,59,328000,,4.65665,smartphone
ffb52f92_5_0102.avi,2015,7,3,11,33,58,847000,,4.58056,
ffb52f92_5_0103.avi,2015,7,3,11,35,56,264000,,4.62799,
ffb52f92_5_0104.avi,2015,7,3,11,37,57,585000,,4.62999,
ffb52f92_5_0105.avi,2015,7,3,11,39,58,849000,,4.52114,
ffb52f92_5_0106.avi,2015,7,3,11,41,58,1000,,4.54177,
ffb52f92_5_0107.avi,2015,7,3,11,43,57,154000,,4.57245,
ffb52f92_5_0108.avi,2015,7,3,11,45,56,273000,,6.14011,
ffb52f92_5_0109.avi,2015,7,3,11,47,57,194000,,5.21686,
ffb52f92_5_0110.avi,2015,7,3,11,49,58,915000,,4.7615,
ffb52f92_5_0111.avi,2015,7,3,11,51,58,613000,,4.70725,
ffb52f92_5_0112.avi,2015,7,3,11,53,56,230000,,5.20035,
ffb52f92_5_0113.avi,2015,7,3,11,55,56,217000,,6.05409,
ffb52f92_5_0114.avi,2015,7,3,11,57,59,6000,,8.08068,
ffb52f92_5_0115.avi,2015,7,3,11,59,57,192000,,5.16241,
ffb52f92_5_0116.avi,2015,7,3,12,1,58,15000,,4.56539,
ffb52f92_5_0117.avi,2015,7,3,12,3,56,500000,,4.3367,
ffb52f92_5_0118.avi,2015,7,3,12,5,56,987000,,4.28425,
ffb52f92_5_0119.avi,2015,7,3,12,7,56,440000,,4.31108,
ffb52f92_5_0120.avi,2015,7,3,12,9,56,860000,,4.34591,
ffb52f92_5_0121.avi,2015,7,3,12,11,56,179000,,5.70435,
ffb52f92_5_0122.avi,2015,7,3,12,13,56,149000,,4.67292,TV
ffb52f92_5_0123.avi,2015,7,3,12,15,57,68000,,4.60922,TV
ffb52f92_5_0124.avi,2015,7,3,12,17,56,888000,,4.57971,TV
ffb52f92_5_0125.avi,2015,7,3,12,19,56,574000,,4.57327,TV
ffb52f92_5_0126.avi,2015,7,3,12,21,56,261000,,4.56513,TV
ffb52f92_5_0127.avi,2015,7,3,12,23,56,790000,,4.59394,TV
ffb52f92_5_0128.avi,2015,7,3,12,25,57,344000,,4.57828,TV
ffb52f92_5_0129.avi,2015,7,3,12,27,57,831000,,6.10661,TV
ffb52f92_5_0130.avi,2015,7,3,12,29,56,483000,,4.66929,TV
ffb52f92_5_0131.avi,2015,7,3,12,31,58,271000,,4.63741,TV
ffb52f92_5_0132.avi,2015,7,3,12,33,58,992000,,4.47711,TV
ffb52f92_5_0133.avi,2015,7,3,12,35,56,552000,,4.56145,TV
ffb52f92_5_0134.avi,2015,7,3,12,37,56,972000,,4.44426,TV
ffb52f92_5_0135.avi,2015,7,3,12,39,56,847000,,4.5013,
ffb52f92_5_0136.avi,2015,7,3,12,41,58,736000,,4.3923,
ffb52f92_5_0137.avi,2015,7,3,12,43,56,454000,,4.44664,
ffb52f92_5_0138.avi,2015,7,3,12,45,56,250000,,4.56675,sleep
ffb52f92_5_0139.avi,2015,7,3,12,47,59,73000,,4.42415,sleep
ffb52f92_5_0140.avi,2015,7,3,12,49,57,758000,,4.39591,sleep
ffb52f92_5_0141.avi,2015,7,3,12,51,56,310000,,4.51657,sleep
ffb52f92_5_0142.avi,2015,7,3,12,53,57,965000,,4.42616,sleep
ffb52f92_5_0143.avi,2015,7,3,12,55,57,484000,,4.42688,sleep
ffb52f92_5_0144.avi,2015,7,3,12,57,56,915000,,4.4313,sleep
ffb52f92_5_0145.avi,2015,7,3,12,59,57,334000,,4.41794,
ffb52f92_5_0146.avi,2015,7,3,13,1,56,775000,,5.1075,
ffb52f92_5_0147.avi,2015,7,3,13,3,56,528000,,4.90824,TV
ffb52f92_5_0148.avi,2015,7,3,13,5,57,983000,,4.6311,TV
ffb52f92_5_0149.avi,2015,7,3,13,7,56,255000,,4.73057,TV
ffb52f92_5_0150.avi,2015,7,3,13,9,57,710000,,4.65095,TV
ffb52f92_5_0151.avi,2015,7,3,13,11,56,962000,,4.69585,TV
ffb52f92_5_0152.avi,2015,7,3,13,13,57,217000,,4.68192,TV
ffb52f92_5_0153.avi,2015,7,3,13,15,57,236000,,4.60948,
ffb52f92_5_0154.avi,2015,7,3,13,17,56,121000,,4.63617,
ffb52f92_5_0155.avi,2015,7,3,13,19,56,50000,,4.66435,
ffb52f92_5_0156.avi,2015,7,3,13,21,56,938000,,4.64071,
ffb52f92_5_0157.avi,2015,7,3,13,23,57,725000,,4.66242,
ffb52f92_5_0158.avi,2015,7,3,13,25,58,446000,,4.52901,
ffb52f92_5_0159.avi,2015,7,3,13,27,57,32000,,4.63759,
ffb52f92_5_0160.avi,2015,7,3,13,29,58,564000,,4.60829,
ffb52f92_5_0161.avi,2015,7,3,13,32,0,118000,,4.4481,
ffb52f92_5_0162.avi,2015,7,3,13,33,57,535000,,4.52928,
ffb52f92_5_0163.avi,2015,7,3,13,35,56,987000,,4.5205,
ffb52f92_5_0164.avi,2015,7,3,13,37,56,273000,,4.51412,
ffb52f92_5_0165.avi,2015,7,3,13,39,56,393000,,4.49366,
ffb52f92_5_0166.avi,2015,7,3,13,41,56,257000,,5.09883,
ffb52f92_5_0167.avi,2015,7,3,13,43,56,310000,,4.51521,
ffb52f92_5_0168.avi,2015,7,3,13,45,56,162000,,4.5572,
ffb52f92_5_0169.avi,2015,7,3,13,47,56,882000,,4.61585,
ffb52f92_5_0170.avi,2015,7,3,13,49,57,636000,,4.49658,
ffb52f92_5_0171.avi,2015,7,3,13,51,56,532000,,4.57303,
ffb52f92_5_0172.avi,2015,7,3,13,53,56,485000,,4.64446,
ffb52f92_5_0173.avi,2015,7,3,13,55,57,606000,,4.5548,
ffb52f92_5_0174.avi,2015,7,3,13,57,56,860000,,4.6172,
ffb52f92_5_0175.avi,2015,7,3,13,59,56,245000,,4.67118,
ffb52f92_5_0176.avi,2015,7,3,14,1,56,853000,,4.64478,
ffb52f92_5_0177.avi,2015,7,3,14,3,56,594000,,4.66714,
ffb52f92_5_0178.avi,2015,7,3,14,5,56,481000,,4.73424,sleep
ffb52f92_5_0179.avi,2015,7,3,14,7,56,501000,,4.8274,sleep
ffb52f92_5_0180.avi,2015,7,3,14,9,58,589000,,4.92452,sleep
ffb52f92_5_0181.avi,2015,7,3,14,11,56,341000,,4.70985,sleep
ffb52f92_5_0182.avi,2015,7,3,14,13,56,71000,,4.74522,sleep
ffb52f92_5_0183.avi,2015,7,3,14,15,55,923000,,4.7623,sleep
ffb52f92_5_0184.avi,2015,7,3,14,17,56,911000,,4.68223,sleep
ffb52f92_5_0185.avi,2015,7,3,14,19,55,930000,,4.77163,sleep
ffb52f92_5_0186.avi,2015,7,3,14,21,56,83000,,4.85732,sleep
ffb52f92_5_0187.avi,2015,7,3,14,23,57,404000,,4.84687,sleep
ffb52f92_5_0188.avi,2015,7,3,14,25,56,734000,,4.85669,sleep
ffb52f92_5_0189.avi,2015,7,3,14,27,56,287000,,5.01154,sleep
ffb52f92_5_0190.avi,2015,7,3,14,29,56,806000,,4.9259,sleep
ffb52f92_5_0191.avi,2015,7,3,14,31,56,359000,,4.99391,sleep
ffb52f92_5_0192.avi,2015,7,3,14,33,57,13000,,5.01936,sleep
ffb52f92_5_0193.avi,2015,7,3,14,35,58,710000,,4.93788,sleep
ffb52f92_5_0194.avi,2015,7,3,14,37,57,329000,,4.95,sleep
ffb52f92_5_0195.avi,2015,7,3,14,39,56,48000,,5.09777,
ffb52f92_5_0196.avi,2015,7,3,14,41,58,937000,,4.9221,
ffb52f92_5_0197.avi,2015,7,3,14,43,56,722000,,5.09735,
ffb52f92_5_0198.avi,2015,7,3,14,45,56,908000,,5.04433,
ffb52f92_5_0199.avi,2015,7,3,14,47,56,36000,,5.09018,sleep
ffb52f92_5_0200.avi,2015,7,3,14,49,56,356000,,5.20915,sleep
ffb52f92_5_0201.avi,2015,7,3,14,51,58,678000,,5.08197,sleep
ffb52f92_5_0202.avi,2015,7,3,14,53,57,897000,,5.04825,sleep
ffb52f92_5_0203.avi,2015,7,3,14,55,56,83000,,5.14333,sleep
ffb52f92_5_0204.avi,2015,7,3,14,57,56,413000,,5.15823,sleep
ffb52f92_5_0205.avi,2015,7,3,14,59,56,766000,,5.13249,sleep
ffb52f92_5_0206.avi,2015,7,3,15,1,56,43000,,5.16964,sleep
ffb52f92_5_0207.avi,2015,7,3,15,3,56,396000,,5.11401,sleep
ffb52f92_5_0208.avi,2015,7,3,15,5,55,816000,,5.21505,sleep
ffb52f92_5_0209.avi,2015,7,3,15,7,57,370000,,5.10243,sleep
ffb52f92_5_0210.avi,2015,7,3,15,9,55,875000,,5.23388,sleep
ffb52f92_5_0211.avi,2015,7,3,15,11,57,596000,,5.08682,sleep
ffb52f92_5_0212.avi,2015,7,3,15,13,56,47000,,5.28416,sleep
ffb52f92_5_0213.avi,2015,7,3,15,15,58,804000,,5.24006,sleep
ffb52f92_5_0214.avi,2015,7,3,15,17,59,624000,,5.10402,sleep
ffb52f92_5_0215.avi,2015,7,3,15,19,56,484000,,5.28025,sleep
ffb52f92_5_0216.avi,2015,7,3,15,21,56,604000,,5.27987,sleep
ffb52f92_5_0217.avi,2015,7,3,15,23,56,657000,,5.21093,sleep
ffb52f92_5_0218.avi,2015,7,3,15,25,56,545000,,5.19966,sleep
ffb52f92_5_0219.avi,2015,7,3,15,27,56,364000,,5.14762,sleep
ffb52f92_5_0220.avi,2015,7,3,15,29,56,951000,,5.10327,sleep
ffb52f92_5_0221.avi,2015,7,3,15,31,56,446000,,5.16557,sleep
ffb52f92_5_0222.avi,2015,7,3,15,33,57,67000,,5.11797,sleep
ffb52f92_5_0223.avi,2015,7,3,15,35,56,686000,,5.22217,sleep
ffb52f92_5_0224.avi,2015,7,3,15,37,57,407000,,5.17937,sleep
ffb52f92_5_0225.avi,2015,7,3,15,39,57,94000,,5.1462,sleep
ffb52f92_5_0226.avi,2015,7,3,15,41,56,756000,,5.15826,sleep
ffb52f92_5_0227.avi,2015,7,3,15,43,56,441000,,5.16435,sleep
ffb52f92_5_0228.avi,2015,7,3,15,45,56,128000,,5.15142,sleep
ffb52f92_5_0229.avi,2015,7,3,15,47,55,814000,,5.25698,
ffb52f92_5_0230.avi,2015,7,3,15,49,57,669000,,5.45001,
ffb52f92_5_0231.avi,2015,7,3,15,51,59,724000,,5.02233,
ffb52f92_5_0232.avi,2015,7,3,15,53,56,152000,,5.19916,
ffb52f92_5_0233.avi,2015,7,3,15,55,56,772000,,5.38275,
ffb52f92_5_0234.avi,2015,7,3,15,57,59,695000,,5.20225,
ffb52f92_5_0235.avi,2015,7,3,15,59,57,445000,,5.40752,
ffb52f92_5_0236.avi,2015,7,3,16,2,0,520000,,5.07968,
ffb52f92_5_0237.avi,2015,7,3,16,3,56,201000,,5.21908,
ffb52f92_5_0238.avi,2015,7,3,16,5,56,13000,,6.00111,
ffb52f92_5_0239.avi,2015,7,3,16,7,57,67000,,5.15558,
ffb52f92_5_0240.avi,2015,7,3,16,9,56,521000,,5.17876,
ffb52f92_5_0241.avi,2015,7,3,16,11,56,107000,,5.2312,
ffb52f92_5_0242.avi,2015,7,3,16,13,56,694000,,5.15826,
ffb52f92_5_0243.avi,2015,7,3,16,15,56,155000,,5.21014,
ffb52f92_5_0244.avi,2015,7,3,16,17,55,641000,,5.24443,
ffb52f92_5_0245.avi,2015,7,3,16,19,56,295000,,5.31389,
ffb52f92_5_0246.avi,2015,7,3,16,21,58,83000,,5.13197,
ffb52f92_5_0247.avi,2015,7,3,16,23,55,702000,,5.30505,
ffb52f92_5_0248.avi,2015,7,3,16,25,56,289000,,5.23933,
ffb52f92_5_0249.avi,2015,7,3,16,27,55,852000,,5.30802,
ffb52f92_5_0250.avi,2015,7,3,16,29,57,572000,,5.30638,
ffb52f92_5_0251.avi,2015,7,3,16,31,58,393000,,5.31559,sleep
ffb52f92_5_0252.avi,2015,7,3,16,33,58,280000,,5.2045,sleep
ffb52f92_5_0253.avi,2015,7,3,16,35,56,131000,,5.25188,sleep
ffb52f92_5_0254.avi,2015,7,3,16,37,55,961000,,5.24639,sleep
ffb52f92_5_0255.avi,2015,7,3,16,39,55,714000,,5.753,sleep
ffb52f92_5_0256.avi,2015,7,3,16,42,5,943000,,4.88506,
ffb52f92_5_0257.avi,2015,7,3,16,43,56,153000,,5.29431,
ffb52f92_5_0258.avi,2015,7,3,16,45,56,807000,,5.26911,
ffb52f92_5_0259.avi,2015,7,3,16,47,56,159000,,6.56568,
ffb52f92_5_0260.avi,2015,7,3,16,50,1,661000,,8.04525,
ffb52f92_5_0261.avi,2015,7,3,16,51,59,11000,,5.45499,
ffb52f92_5_0262.avi,2015,7,3,16,53,57,97000,,5.84606,
ffb52f92_5_0263.avi,2015,7,3,16,55,55,680000,,6.0345,
ffb52f92_5_0264.avi,2015,7,3,16,57,56,66000,,5.77209,
ffb52f92_5_0265.avi,2015,7,3,16,59,56,530000,,6.16618,
ffb52f92_5_0266.avi,2015,7,3,17,1,55,808000,,5.74407,
ffb52f92_5_0267.avi,2015,7,3,17,3,55,728000,,7.70416,
ffb52f92_5_0268.avi,2015,7,3,17,5,56,482000,,7.69747,
ffb52f92_5_0269.avi,2015,7,3,17,7,55,902000,,5.77784,
ffb52f92_5_0270.avi,2015,7,3,17,9,55,622000,,5.73552,
ffb52f92_5_0271.avi,2015,7,3,17,11,56,960000,,5.23441,
ffb52f92_5_0272.avi,2015,7,3,17,13,55,645000,,5.21467,
ffb52f92_5_0273.avi,2015,7,3,17,15,57,33000,,7.78945,
ffb52f92_5_0274.avi,2015,7,3,17,17,56,452000,,4.50394,
ffb52f92_5_0275.avi,2015,7,3,17,19,55,571000,,4.3443,
ffb52f92_5_0276.avi,2015,7,3,17,21,55,668000,,4.40633,
ffb52f92_5_0277.avi,2015,7,3,17,23,55,788000,,4.50564,
ffb52f92_5_0278.avi,2015,7,3,17,25,55,908000,,9.08279,
ffb52f92_5_0279.avi,2015,7,3,17,27,56,595000,,5.6997,
ffb52f92_5_0280.avi,2015,7,3,17,29,57,315000,,4.97381,TV
ffb52f92_5_0281.avi,2015,7,3,17,31,55,633000,,5.09557,TV
ffb52f92_5_0282.avi,2015,7,3,17,33,56,97000,,5.17223,TV
ffb52f92_5_0283.avi,2015,7,3,17,35,55,617000,,5.40202,TV
ffb52f92_5_0284.avi,2015,7,3,17,37,56,171000,,5.84346,TV
ffb52f92_5_0285.avi,2015,7,3,17,39,56,758000,,5.03513,TV
ffb52f92_5_0286.avi,2015,7,3,17,41,55,877000,,5.09324,TV
ffb52f92_5_0287.avi,2015,7,3,17,43,55,906000,,5.08081,TV
ffb52f92_5_0288.avi,2015,7,3,17,45,56,92000,,5.23437,TV
ffb52f92_5_0289.avi,2015,7,3,17,48,0,583000,,4.76723,TV
ffb52f92_5_0290.avi,2015,7,3,17,49,55,665000,,5.02128,TV
ffb52f92_5_0291.avi,2015,7,3,17,51,55,886000,,5.08736,TV
ffb52f92_5_0292.avi,2015,7,3,17,53,57,74000,,6.53004,TV
ffb52f92_5_0293.avi,2015,7,3,17,55,55,736000,,5.05028,TV
ffb52f92_5_0294.avi,2015,7,3,17,57,56,890000,,4.96679,TV
ffb52f92_5_0295.avi,2015,7,3,17,59,56,142000,,5.04897,TV
ffb52f92_5_0296.avi,2015,7,3,18,1,56,593000,,5.02256,TV
ffb52f92_5_0297.avi,2015,7,3,18,3,56,212000,,5.00317,TV
ffb52f92_5_0298.avi,2015,7,3,18,5,55,878000,,5.82073,
ffb52f92_5_0299.avi,2015,7,3,18,7,55,932000,,7.32565,
ffb52f92_5_0300.avi,2015,7,3,18,9,56,118000,,8.77228,
ffb52f92_5_0301.avi,2015,7,3,18,11,55,871000,,5.64507,
ffb52f92_5_0302.avi,2015,7,3,18,13,56,57000,,4.75747,TV
ffb52f92_5_0303.avi,2015,7,3,18,15,55,676000,,7.08276,TV
ffb52f92_5_0304.avi,2015,7,3,18,17,55,973000,,3.71466,TV
ffb52f92_5_0305.avi,2015,7,3,18,19,55,493000,,3.79863,TV
ffb52f92_5_0306.avi,2015,7,3,18,21,56,981000,,3.76323,TV
ffb52f92_5_0307.avi,2015,7,3,18,23,56,367000,,3.82405,TV
ffb52f92_5_0308.avi,2015,7,3,18,25,56,654000,,3.82428,TV
ffb52f92_5_0309.avi,2015,7,3,18,27,55,682000,,4.68101,TV
ffb52f92_5_0310.avi,2015,7,3,18,29,55,435000,,3.52183,TV
ffb52f92_5_0311.avi,2015,7,3,18,31,55,555000,,3.82385,TV
ffb52f92_5_0312.avi,2015,7,3,18,33,55,675000,,4.17273,TV
ffb52f92_5_0313.avi,2015,7,3,18,35,55,396000,,4.25685,TV
ffb52f92_5_0314.avi,2015,7,3,18,37,55,349000,,4.28785,TV
ffb52f92_5_0315.avi,2015,7,3,18,39,56,246000,,4.27355,TV
ffb52f92_5_0316.avi,2015,7,3,18,41,56,165000,,4.21818,TV
ffb52f92_5_0317.avi,2015,7,3,18,43,55,884000,,4.24876,TV
ffb52f92_5_0318.avi,2015,7,3,18,45,55,770000,,4.273,TV
ffb52f92_5_0319.avi,2015,7,3,18,47,55,857000,,4.83244,TV
ffb52f92_5_0320.avi,2015,7,3,18,49,55,687000,,4.29512,TV
ffb52f92_5_0321.avi,2015,7,3,18,51,56,808000,,4.20751,TV
ffb52f92_5_0322.avi,2015,7,3,18,53,55,827000,,4.25829,TV
ffb52f92_5_0323.avi,2015,7,3,18,55,55,914000,,4.13014,TV
ffb52f92_5_0324.avi,2015,7,3,18,57,55,393000,,4.05843,TV
ffb52f92_5_0325.avi,2015,7,3,18,59,55,513000,,3.66803,TV
ffb52f92_5_0326.avi,2015,7,3,19,1,55,605000,,3.40148,TV
ffb52f92_5_0327.avi,2015,7,3,19,3,55,726000,,3.41119,TV
ffb52f92_5_0328.avi,2015,7,3,19,5,55,846000,,3.41104,TV
ffb52f92_5_0329.avi,2015,7,3,19,7,55,966000,,3.39601,TV
ffb52f92_5_0330.avi,2015,7,3,19,9,56,86000,,3.48327,TV
ffb52f92_5_0331.avi,2015,7,3,19,11,57,188000,,3.42716,TV
ffb52f92_5_0332.avi,2015,7,3,19,13,55,305000,,3.51775,TV
ffb52f92_5_0333.avi,2015,7,3,19,15,56,426000,,3.81164,
ffb52f92_5_0334.avi,2015,7,3,19,17,55,746000,,3.94952,
ffb52f92_5_0335.avi,2015,7,3,19,19,56,234000,,3.70717,
ffb52f92_5_0336.avi,2015,7,3,19,21,55,353000,,3.76986,smartphone
ffb52f92_5_0337.avi,2015,7,3,19,23,55,450000,,3.81735,smartphone
ffb52f92_5_0338.avi,2015,7,3,19,25,55,570000,,3.84458,smartphone
ffb52f92_5_0339.avi,2015,7,3,19,27,55,689000,,3.81988,smartphone
ffb52f92_5_0340.avi,2015,7,3,19,29,55,809000,,3.74174,
ffb52f92_5_0341.avi,2015,7,3,19,31,55,929000,,3.74262,
ffb52f92_5_0342.avi,2015,7,3,19,33,56,26000,,3.66993,TV
ffb52f92_5_0343.avi,2015,7,3,19,35,56,146000,,3.61569,TV
ffb52f92_5_0344.avi,2015,7,3,19,37,55,265000,,3.69187,TV
ffb52f92_5_0345.avi,2015,7,3,19,39,55,385000,,3.77875,TV
ffb52f92_5_0346.avi,2015,7,3,19,41,56,506000,,3.70827,TV
ffb52f92_5_0347.avi,2015,7,3,19,43,55,624000,,3.63052,TV
ffb52f92_5_0348.avi,2015,7,3,19,45,55,720000,,3.7173,TV
ffb52f92_5_0349.avi,2015,7,3,19,47,55,841000,,3.63644,TV
ffb52f92_5_0350.avi,2015,7,3,19,49,55,961000,,3.67218,TV
ffb52f92_5_0351.avi,2015,7,3,19,51,56,81000,,3.68946,TV
ffb52f92_5_0352.avi,2015,7,3,19,53,55,200000,,3.77263,TV
ffb52f92_5_0353.avi,2015,7,3,19,55,55,330000,,4.18089,
ffb52f92_5_0354.avi,2015,7,3,19,57,56,83000,,3.7451,
ffb52f92_5_0355.avi,2015,7,3,19,59,55,402000,,3.76311,
ffb52f92_5_0356.avi,2015,7,3,20,1,56,553000,,3.8686,
ffb52f92_5_0357.avi,2015,7,3,20,3,56,674000,,3.63022,
ffb52f92_5_0358.avi,2015,7,3,20,5,56,794000,,3.66093,
ffb52f92_5_0359.avi,2015,7,3,20,7,56,894000,,3.68809,
ffb52f92_5_0360.avi,2015,7,3,20,9,56,879000,,4.02559,
ffb52f92_5_0361.avi,2015,7,3,20,11,57,566000,,3.59752,
ffb52f92_5_0362.avi,2015,7,3,20,13,56,684000,,3.76246,
ffb52f92_5_0363.avi,2015,7,3,20,15,57,305000,,3.7686,
ffb52f92_5_0364.avi,2015,7,3,20,17,57,402000,,3.75229,
ffb52f92_5_0365.avi,2015,7,3,20,19,57,256000,,3.22677,
ffb52f92_5_0366.avi,2015,7,3,20,21,56,775000,,3.06233,
ffb52f92_5_0367.avi,2015,7,3,20,23,56,895000,,2.99271,
ffb52f92_5_0368.avi,2015,7,3,20,25,56,815000,,2.92763,
ffb52f92_5_0369.avi,2015,7,3,20,27,56,767000,,2.93939,
ffb52f92_5_0370.avi,2015,7,3,20,29,57,631000,,2.89894,TV
ffb52f92_5_0371.avi,2015,7,3,20,31,56,916000,,2.88437,TV
ffb52f92_5_0372.avi,2015,7,3,20,33,57,772000,,3.09401,TV
ffb52f92_5_0373.avi,2015,7,3,20,36,0,860000,,2.77142,TV
ffb52f92_5_0374.avi,2015,7,3,20,37,59,179000,,2.7706,TV
ffb52f92_5_0375.avi,2015,7,3,20,39,58,241000,,2.72074,TV
ffb52f92_5_0376.avi,2015,7,3,20,41,57,193000,,2.75516,TV
ffb52f92_5_0377.avi,2015,7,3,20,43,57,79000,,2.68559,TV
ffb52f92_5_0378.avi,2015,7,3,20,45,57,432000,,2.8283,TV
ffb52f92_5_0379.avi,2015,7,3,20,47,57,353000,,2.79208,
ffb52f92_5_0380.avi,2015,7,3,20,49,56,839000,,2.74147,
ffb52f92_5_0381.avi,2015,7,3,20,51,56,835000,,2.75916,
ffb52f92_5_0382.avi,2015,7,3,20,53,56,688000,,2.95453,
ffb52f92_5_0383.avi,2015,7,3,20,55,58,143000,,2.86583,
ffb52f92_5_0384.avi,2015,7,3,20,57,57,394000,,3.09578,
ffb52f92_5_0385.avi,2015,7,3,20,59,57,14000,,3.17534,
ffb52f92_5_0386.avi,2015,7,3,21,1,56,898000,,3.18961,
ffb52f92_5_0387.avi,2015,7,3,21,3,58,187000,,2.91981,
ffb52f92_5_0388.avi,2015,7,3,21,5,57,239000,,2.9751,
ffb52f92_5_0389.avi,2015,7,3,21,7,57,726000,,3.00499,
ffb52f92_5_0390.avi,2015,7,3,21,9,57,246000,,3.20984,
ffb52f92_5_0391.avi,2015,7,3,21,11,56,999000,,2.86802,sleep
ffb52f92_5_0392.avi,2015,7,3,21,13,57,73000,,2.75138,sleep
ffb52f92_5_0393.avi,2015,7,3,21,15,57,194000,,2.82915,sleep
ffb52f92_5_0394.avi,2015,7,3,21,17,57,81000,,2.8961,sleep
ffb52f92_5_0395.avi,2015,7,3,21,19,56,834000,,3.05188,sleep
ffb52f92_5_0396.avi,2015,7,3,21,21,57,559000,,3.3648,sleep
ffb52f92_5_0397.avi,2015,7,3,21,23,57,117000,,3.09641,sleep
ffb52f92_5_0398.avi,2015,7,3,21,25,56,503000,,3.07001,sleep
ffb52f92_5_0399.avi,2015,7,3,21,27,57,991000,,3.03711,sleep
ffb52f92_5_0400.avi,2015,7,3,21,29,57,142000,,3.0833,sleep
ffb52f92_5_0401.avi,2015,7,3,21,31,57,330000,,3.14329,sleep
ffb52f92_5_0402.avi,2015,7,3,21,33,57,455000,,3.26609,sleep
ffb52f92_5_0403.avi,2015,7,3,21,35,58,687000,,3.29715,sleep
ffb52f92_5_0404.avi,2015,7,3,21,37,57,539000,,3.36487,sleep
ffb52f92_5_0405.avi,2015,7,3,21,39,57,525000,,3.29399,sleep
ffb52f92_5_0406.avi,2015,7,3,21,41,58,646000,,3.30664,sleep
ffb52f92_5_0407.avi,2015,7,3,21,43,58,598000,,3.61158,sleep
ffb52f92_5_0408.avi,2015,7,3,21,45,58,594000,,3.4936,sleep
ffb52f92_5_0409.avi,2015,7,3,21,47,57,381000,,3.29036,sleep
ffb52f92_5_0410.avi,2015,7,3,21,49,57,267000,,3.29571,sleep
ffb52f92_5_0411.avi,2015,7,3,21,51,57,120000,,3.46768,sleep
ffb52f92_5_0412.avi,2015,7,3,21,53,57,73000,,3.48709,sleep
ffb52f92_5_0413.avi,2015,7,3,21,55,57,26000,,3.29203,sleep
ffb52f92_5_0414.avi,2015,7,3,21,57,56,822000,,3.41587,sleep
ffb52f92_5_0415.avi,2015,7,3,21,59,56,708000,,4.5722,
ffb52f92_5_0416.avi,2015,7,3,22,1,56,746000,,4.76817,
ffb52f92_5_0417.avi,2015,7,3,22,3,57,466000,,3.3505,
ffb52f92_5_0418.avi,2015,7,3,22,5,57,453000,,3.35353,
ffb52f92_5_0419.avi,2015,7,3,22,7,57,433000,,3.28885,sleep
ffb52f92_5_0420.avi,2015,7,3,22,9,57,420000,,3.34515,sleep
ffb52f92_5_0421.avi,2015,7,3,22,11,57,373000,,3.38443,sleep
ffb52f92_5_0422.avi,2015,7,3,22,13,58,493000,,3.42701,sleep
ffb52f92_5_0423.avi,2015,7,3,22,15,57,246000,,3.3649,sleep
ffb52f92_5_0424.avi,2015,7,3,22,17,57,133000,,3.32395,sleep
ffb52f92_5_0425.avi,2015,7,3,22,19,57,28000,,3.22942,sleep
ffb52f92_5_0426.avi,2015,7,3,22,21,57,15000,,3.32707,sleep
ffb52f92_5_0427.avi,2015,7,3,22,23,57,1000,,3.48169,sleep
ffb52f92_5_0428.avi,2015,7,3,22,25,56,988000,,3.37229,sleep
ffb52f92_5_0429.avi,2015,7,3,22,27,56,873000,,3.34877,sleep
ffb52f92_5_0430.avi,2015,7,3,22,29,56,769000,,3.43981,sleep
ffb52f92_5_0431.avi,2015,7,3,22,31,57,791000,,3.32272,sleep
ffb52f92_5_0432.avi,2015,7,3,22,33,57,644000,,3.29544,sleep
ffb52f92_5_0433.avi,2015,7,3,22,35,58,632000,,3.26071,sleep
ffb52f92_5_0434.avi,2015,7,3,22,37,59,619000,,3.37701,sleep
ffb52f92_5_0435.avi,2015,7,3,22,39,59,506000,,3.24998,sleep
ffb52f92_5_0436.avi,2015,7,3,22,41,57,65000,,3.46934,sleep
ffb52f92_5_0437.avi,2015,7,3,22,43,57,51000,,3.21917,sleep
ffb52f92_5_0438.avi,2015,7,3,22,45,56,939000,,3.29307,sleep
ffb52f92_5_0439.avi,2015,7,3,22,47,57,993000,,3.18516,sleep
ffb52f92_5_0440.avi,2015,7,3,22,49,56,812000,,3.41307,sleep
ffb52f92_5_0441.avi,2015,7,3,22,51,56,708000,,3.36775,sleep
ffb52f92_5_0442.avi,2015,7,3,22,53,56,628000,,3.34133,sleep
ffb52f92_5_0443.avi,2015,7,3,22,55,56,548000,,3.35419,sleep
ffb52f92_5_0444.avi,2015,7,3,22,57,56,534000,,3.40728,sleep
ffb52f92_5_0445.avi,2015,7,3,22,59,56,488000,,3.50948,sleep
ffb52f92_5_0446.avi,2015,7,3,23,1,57,677000,,3.26427,sleep
ffb52f92_5_0447.avi,2015,7,3,23,3,57,439000,,3.29421,
ffb52f92_5_0448.avi,2015,7,3,23,5,57,359000,,5.04304,
ffb52f92_5_0449.avi,2015,7,3,23,7,56,911000,,4.29984,
ffb52f92_5_0450.avi,2015,7,3,23,9,56,831000,,4.5505,
ffb52f92_5_0451.avi,2015,7,3,23,11,57,85000,,4.54394,sleep
ffb52f92_5_0452.avi,2015,7,3,23,13,56,347000,,4.57591,sleep
ffb52f92_5_0453.avi,2015,7,3,23,15,56,667000,,4.59264,sleep
ffb52f92_5_0454.avi,2015,7,3,23,17,57,20000,,4.55002,sleep
ffb52f92_5_0455.avi,2015,7,3,23,19,56,373000,,4.61143,sleep
ffb52f92_5_0456.avi,2015,7,3,23,21,56,793000,,4.57268,sleep
ffb52f92_5_0457.avi,2015,7,3,23,23,57,147000,,4.65783,sleep
ffb52f92_5_0458.avi,2015,7,3,23,25,59,545000,,4.47893,sleep
ffb52f92_5_0459.avi,2015,7,3,23,27,56,794000,,4.58722,sleep
ffb52f92_5_0460.avi,2015,7,3,23,29,57,149000,,4.5665,sleep
ffb52f92_5_0461.avi,2015,7,3,23,31,57,436000,,4.5225,sleep
ffb52f92_5_0462.avi,2015,7,3,23,33,56,722000,,4.5799,sleep
ffb52f92_5_0463.avi,2015,7,3,23,35,58,20000,,4.4814,sleep
ffb52f92_5_0464.avi,2015,7,3,23,37,56,238000,,4.5549,sleep
ffb52f92_5_0465.avi,2015,7,3,23,39,56,525000,,4.54835,sleep
ffb52f92_5_0466.avi,2015,7,3,23,41,56,777000,,4.54636,sleep
ffb52f92_5_0467.avi,2015,7,3,23,43,57,32000,,4.5366,sleep
ffb52f92_5_0468.avi,2015,7,3,23,45,56,284000,,4.66178,sleep
ffb52f92_5_0469.avi,2015,7,3,23,47,58,649000,,4.48058,sleep
ffb52f92_5_0470.avi,2015,7,3,23,49,56,901000,,4.5461,sleep
ffb52f92_5_0471.avi,2015,7,3,23,51,56,199000,,4.63643,sleep
ffb52f92_5_0472.avi,2015,7,3,23,53,57,586000,,4.53036,sleep
ffb52f92_5_0473.avi,2015,7,3,23,55,56,872000,,4.54123,sleep
ffb52f92_5_0474.avi,2015,7,3,23,57,56,169000,,4.57836,sleep
ffb52f92_5_0475.avi,2015,7,3,23,59,56,489000,,4.58043,sleep
ffb52f92_5_0476.avi,2015,7,4,0,1,56,796000,,4.60752,sleep
ffb52f92_5_0477.avi,2015,7,4,0,3,58,117000,,4.558,
ffb52f92_5_0478.avi,2015,7,4,0,5,56,135000,,4.48616,
ffb52f92_5_0479.avi,2015,7,4,0,7,57,256000,,3.57621,
ffb52f92_5_0480.avi,2015,7,4,0,9,57,232000,,3.92416,sleep
ffb52f92_5_0481.avi,2015,7,4,0,11,56,316000,,3.33275,sleep
ffb52f92_5_0482.avi,2015,7,4,0,13,56,437000,,3.51184,sleep
ffb52f92_5_0483.avi,2015,7,4,0,15,56,557000,,3.40605,sleep
ffb52f92_5_0484.avi,2015,7,4,0,17,56,644000,,3.2725,sleep
ffb52f92_5_0485.avi,2015,7,4,0,19,56,741000,,3.27331,
ffb52f92_5_0486.avi,2015,7,4,0,21,56,861000,,3.64101,
ffb52f92_5_0487.avi,2015,7,4,0,23,57,14000,,3.47181,
ffb52f92_5_0488.avi,2015,7,4,0,25,57,134000,,3.23827,
ffb52f92_5_0489.avi,2015,7,4,0,27,58,321000,,3.42929,
ffb52f92_5_0490.avi,2015,7,4,0,29,57,241000,,3.35483,
ffb52f92_5_0491.avi,2015,7,4,0,31,56,136000,,3.35353,
ffb52f92_5_0492.avi,2015,7,4,0,33,56,189000,,3.7565,
ffb52f92_5_0493.avi,2015,7,4,0,35,56,309000,,3.94656,
ffb52f92_5_0494.avi,2015,7,4,0,37,57,697000,,4.22914,
ffb52f92_5_0495.avi,2015,7,4,0,39,56,916000,,4.13887,
ffb52f92_5_0496.avi,2015,7,4,0,41,59,481000,,4.11562,
ffb52f92_5_0497.avi,2015,7,4,0,43,58,599000,,3.6173,
ffb52f92_5_0498.avi,2015,7,4,0,45,57,619000,,4.12673,
ffb52f92_5_0499.avi,2015,7,4,0,47,56,638000,,4.0881,
ffb52f92_5_0500.avi,2015,7,4,0,49,56,791000,,3.41683,
ffb52f92_5_0501.avi,2015,7,4,0,51,56,878000,,3.58096,
ffb52f92_5_0502.avi,2015,7,4,0,53,56,940000,,3.75968,
ffb52f92_5_0503.avi,2015,7,4,0,55,58,228000,,3.54088,
ffb52f92_5_0504.avi,2015,7,4,0,57,57,180000,,3.52,
ffb52f92_5_0505.avi,2015,7,4,0,59,57,267000,,3.71172,
ffb52f92_5_0506.avi,2015,7,4,1,1,56,222000,,3.44499,
ffb52f92_5_0507.avi,2015,7,4,1,3,56,417000,,3.60284,
ffb52f92_5_0508.avi,2015,7,4,1,5,57,772000,,3.87629,
ffb52f92_5_0509.avi,2015,7,4,1,7,56,791000,,3.5855,
ffb52f92_5_0510.avi,2015,7,4,1,9,58,45000,,3.33744,
ffb52f92_5_0511.avi,2015,7,4,1,11,56,730000,,3.3141,
ffb52f92_5_0512.avi,2015,7,4,1,13,57,651000,,3.76553,
ffb52f92_5_0513.avi,2015,7,4,1,15,56,413000,,3.62285,
ffb52f92_5_0514.avi,2015,7,4,1,17,57,400000,,3.29982,
ffb52f92_5_0515.avi,2015,7,4,1,19,56,52000,,3.41047,
ffb52f92_5_0516.avi,2015,7,4,1,21,58,141000,,3.33898,
ffb52f92_5_0517.avi,2015,7,4,1,23,56,759000,,3.39521,
ffb52f92_5_0518.avi,2015,7,4,1,25,56,520000,,3.32405,
ffb52f92_5_0519.avi,2015,7,4,1,27,56,274000,,3.32647,sleep
ffb52f92_5_0520.avi,2015,7,4,1,29,56,27000,,3.34417,sleep
ffb52f92_5_0521.avi,2015,7,4,1,31,56,915000,,3.29677,sleep
ffb52f92_5_0522.avi,2015,7,4,1,33,56,634000,,3.32021,sleep
ffb52f92_5_0523.avi,2015,7,4,1,35,56,387000,,3.36361,sleep
ffb52f92_5_0524.avi,2015,7,4,1,37,57,384000,,3.72257,sleep
ffb52f92_5_0525.avi,2015,7,4,1,39,57,71000,,3.21393,sleep
ffb52f92_5_0526.avi,2015,7,4,1,41,58,57000,,3.02113,sleep
ffb52f92_5_0527.avi,2015,7,4,1,43,57,911000,,3.14535,sleep
ffb52f92_5_0528.avi,2015,7,4,1,45,56,530000,,3.19208,sleep
ffb52f92_5_0529.avi,2015,7,4,1,47,56,260000,,3.17869,sleep
ffb52f92_5_0530.avi,2015,7,4,1,49,56,13000,,3.21392,sleep
ffb52f92_5_0531.avi,2015,7,4,1,51,56,900000,,3.17765,sleep
ffb52f92_5_0532.avi,2015,7,4,1,53,56,740000,,3.16376,
ffb52f92_5_0533.avi,2015,7,4,1,55,56,493000,,3.22802,
ffb52f92_5_0534.avi,2015,7,4,1,57,56,279000,,3.41666,
ffb52f92_5_0535.avi,2015,7,4,1,59,56,142000,,3.34379,sleep
ffb52f92_5_0536.avi,2015,7,4,2,1,57,49000,,3.30449,sleep
ffb52f92_5_0537.avi,2015,7,4,2,3,56,835000,,3.29873,sleep
ffb52f92_5_0538.avi,2015,7,4,2,5,56,588000,,3.29202,sleep
ffb52f92_5_0539.avi,2015,7,4,2,7,56,375000,,3.29667,sleep
ffb52f92_5_0540.avi,2015,7,4,2,9,56,119000,,3.32499,
ffb52f92_5_0541.avi,2015,7,4,2,11,55,904000,,3.35832,
ffb52f92_5_0542.avi,2015,7,4,2,13,56,725000,,3.33446,
ffb52f92_5_0543.avi,2015,7,4,2,15,56,344000,,3.34383,
ffb52f92_5_0544.avi,2015,7,4,2,17,56,30000,,3.39138,
ffb52f92_5_0545.avi,2015,7,4,2,19,56,851000,,3.37991,sleep
ffb52f92_5_0546.avi,2015,7,4,2,21,56,514000,,3.31004,sleep
ffb52f92_5_0547.avi,2015,7,4,2,23,56,234000,,3.31808,sleep
ffb52f92_5_0548.avi,2015,7,4,2,25,55,954000,,3.36941,sleep
ffb52f92_5_0549.avi,2015,7,4,2,27,57,942000,,3.29391,sleep
ffb52f92_5_0550.avi,2015,7,4,2,29,56,494000,,3.38648,sleep
ffb52f92_5_0551.avi,2015,7,4,2,31,58,458000,,3.27682,sleep
ffb52f92_5_0552.avi,2015,7,4,2,33,55,909000,,3.3585,sleep
ffb52f92_5_0553.avi,2015,7,4,2,35,56,763000,,3.3184,sleep
ffb52f92_5_0554.avi,2015,7,4,2,37,56,449000,,3.31255,sleep
ffb52f92_5_0555.avi,2015,7,4,2,39,56,169000,,3.34779,sleep
ffb52f92_5_0556.avi,2015,7,4,2,41,55,889000,,3.40003,sleep
ffb52f92_5_0557.avi,2015,7,4,2,43,57,886000,,3.29356,sleep
ffb52f92_5_0558.avi,2015,7,4,2,45,56,472000,,3.37442,
ffb52f92_5_0559.avi,2015,7,4,2,47,56,225000,,3.37214,
ffb52f92_5_0560.avi,2015,7,4,2,49,57,45000,,3.34111,
ffb52f92_5_0561.avi,2015,7,4,2,51,57,899000,,3.32564,
ffb52f92_5_0562.avi,2015,7,4,2,53,56,561000,,3.31505,
ffb52f92_5_0563.avi,2015,7,4,2,55,57,715000,,3.25848,sleep
ffb52f92_5_0564.avi,2015,7,4,2,57,56,567000,,3.29568,sleep
ffb52f92_5_0565.avi,2015,7,4,2,59,56,554000,,3.29396,sleep
ffb52f92_5_0566.avi,2015,7,4,3,1,56,569000,,3.28983,sleep
ffb52f92_5_0567.avi,2015,7,4,3,3,56,556000,,3.30212,sleep
ffb52f92_5_0568.avi,2015,7,4,3,5,56,525000,,3.325,sleep
ffb52f92_5_0569.avi,2015,7,4,3,7,56,544000,,3.31754,sleep
ffb52f92_5_0570.avi,2015,7,4,3,9,56,599000,,3.50622,sleep
ffb52f92_5_0571.avi,2015,7,4,3,11,56,718000,,3.22686,sleep
ffb52f92_5_0572.avi,2015,7,4,3,13,56,637000,,3.30727,
ffb52f92_5_0573.avi,2015,7,4,3,15,58,869000,,3.49269,
ffb52f92_5_0574.avi,2015,7,4,3,17,56,720000,,3.29861,
ffb52f92_5_0575.avi,2015,7,4,3,19,56,740000,,3.30907,
ffb52f92_5_0576.avi,2015,7,4,3,21,56,760000,,3.68064,
ffb52f92_5_0577.avi,2015,7,4,3,23,55,947000,,3.73071,
ffb52f92_5_0578.avi,2015,7,4,3,25,56,433000,,3.61529,
ffb52f92_5_0579.avi,2015,7,4,3,27,56,395000,,8.58466,
ffb52f92_5_0580.avi,2015,7,4,3,29,56,348000,,6.87907,
ffb52f92_5_0581.avi,2015,7,4,3,31,57,603000,,8.63385,
ffb52f92_5_0582.avi,2015,7,4,3,33,56,288000,,8.98644,
ffb52f92_5_0583.avi,2015,7,4,3,35,57,776000,,2.9533,
ffb52f92_5_0584.avi,2015,7,4,3,37,57,295000,,2.96549,
ffb52f92_5_0585.avi,2015,7,4,3,39,55,890000,,2.75691,
ffb52f92_5_0586.avi,2015,7,4,3,41,57,579000,,2.73175,
ffb52f92_5_0587.avi,2015,7,4,3,43,56,864000,,2.73174,
ffb52f92_5_0588.avi,2015,7,4,3,45,57,251000,,2.75322,sleep
ffb52f92_5_0589.avi,2015,7,4,3,47,58,806000,,2.70515,sleep
ffb52f92_5_0590.avi,2015,7,4,3,49,56,734000,,2.71076,sleep
ffb52f92_5_0591.avi,2015,7,4,3,51,55,853000,,2.75458,sleep
ffb52f92_5_0592.avi,2015,7,4,3,53,57,242000,,2.76829,sleep
ffb52f92_5_0593.avi,2015,7,4,3,55,57,461000,,2.71503,sleep
ffb52f92_5_0594.avi,2015,7,4,3,57,56,480000,,2.72621,sleep
ffb52f92_5_0595.avi,2015,7,4,3,59,56,700000,,2.85178,sleep
ffb52f92_5_0596.avi,2015,7,4,4,1,57,786000,,2.75377,sleep
ffb52f92_5_0597.avi,2015,7,4,4,3,57,605000,,2.75776,sleep
ffb52f92_5_0598.avi,2015,7,4,4,5,57,358000,,2.76203,sleep
ffb52f92_5_0599.avi,2015,7,4,4,7,55,978000,,3.01255,
ffb52f92_5_0600.avi,2015,7,4,4,9,55,896000,,3.09199,
ffb52f92_5_0601.avi,2015,7,4,4,11,56,638000,,2.88956,sleep
ffb52f92_5_0602.avi,2015,7,4,4,13,56,124000,,2.90046,sleep
ffb52f92_5_0603.avi,2015,7,4,4,15,56,745000,,2.8868,sleep
ffb52f92_5_0604.avi,2015,7,4,4,17,56,264000,,2.85936,sleep
ffb52f92_5_0605.avi,2015,7,4,4,19,55,750000,,2.88528,sleep
ffb52f92_5_0606.avi,2015,7,4,4,21,56,438000,,2.85634,sleep
ffb52f92_5_0607.avi,2015,7,4,4,23,55,901000,,2.8929,sleep
ffb52f92_5_0608.avi,2015,7,4,4,25,56,487000,,2.8774,sleep
ffb52f92_5_0609.avi,2015,7,4,4,27,56,6000,,2.90115,sleep
ffb52f92_5_0610.avi,2015,7,4,4,29,56,627000,,2.87585,sleep
ffb52f92_5_0611.avi,2015,7,4,4,31,57,247000,,3.00633,sleep
ffb52f92_5_0612.avi,2015,7,4,4,33,57,844000,,3.18942,
ffb52f92_5_0613.avi,2015,7,4,4,35,56,362000,,3.9598,
ffb52f92_5_0614.avi,2015,7,4,4,37,56,383000,,2.87884,
ffb52f92_5_0615.avi,2015,7,4,4,39,56,1000,,2.85213,sleep
ffb52f92_5_0616.avi,2015,7,4,4,41,55,621000,,2.87711,sleep
ffb52f92_5_0617.avi,2015,7,4,4,43,56,375000,,2.99582,sleep
ffb52f92_5_0618.avi,2015,7,4,4,45,56,5000,,2.93349,sleep
ffb52f92_5_0619.avi,2015,7,4,4,47,56,692000,,2.85947,sleep
ffb52f92_5_0620.avi,2015,7,4,4,49,57,346000,,4.2403,
ffb52f92_5_0621.avi,2015,7,4,4,51,57,433000,,3.81006,
ffb52f92_5_0622.avi,2015,7,4,4,53,57,253000,,3.47766,
ffb52f92_5_0623.avi,2015,7,4,4,55,55,880000,,3.15402,
ffb52f92_5_0624.avi,2015,7,4,4,57,56,634000,,3.33216,
ffb52f92_5_0625.avi,2015,7,4,4,59,57,321000,,2.96191,
ffb52f92_5_0626.avi,2015,7,4,5,1,56,766000,,2.98815,
ffb52f92_5_0627.avi,2015,7,4,5,3,57,353000,,2.91864,
ffb52f92_5_0628.avi,2015,7,4,5,5,55,639000,,2.9356,
ffb52f92_5_0629.avi,2015,7,4,5,7,56,211000,,3.55615,
ffb52f92_5_0630.avi,2015,7,4,5,9,56,96000,,2.7879,
ffb52f92_5_0631.avi,2015,7,4,5,11,57,751000,,2.7039,
ffb52f92_5_0632.avi,2015,7,4,5,13,58,338000,,2.58396,
ffb52f92_5_0633.avi,2015,7,4,5,15,55,656000,,2.62835,
ffb52f92_5_0634.avi,2015,7,4,5,17,55,518000,,2.68193,sleep
ffb52f92_5_0635.avi,2015,7,4,5,19,55,772000,,2.52936,sleep
ffb52f92_5_0636.avi,2015,7,4,5,21,57,94000,,3.31162,sleep
ffb52f92_5_0637.avi,2015,7,4,5,23,55,846000,,2.734,sleep
ffb52f92_5_0638.avi,2015,7,4,5,25,57,566000,,2.58095,sleep
ffb52f92_5_0639.avi,2015,7,4,5,27,55,618000,,2.69703,sleep
ffb52f92_5_0640.avi,2015,7,4,5,29,55,615000,,2.73323,sleep
ffb52f92_5_0641.avi,2015,7,4,5,31,56,435000,,3.18973,
ffb52f92_5_0642.avi,2015,7,4,5,33,56,322000,,2.83218,
ffb52f92_5_0643.avi,2015,7,4,5,35,56,76000,,2.82959,
ffb52f92_5_0644.avi,2015,7,4,5,37,55,762000,,3.1716,
ffb52f92_5_0645.avi,2015,7,4,5,39,56,57000,,3.57655,
ffb52f92_5_0646.avi,2015,7,4,5,42,2,17000,,3.09356,
ffb52f92_5_0647.avi,2015,7,4,5,43,58,99000,,3.68429,
ffb52f92_5_0648.avi,2015,7,4,5,45,56,183000,,3.71865,
ffb52f92_5_0649.avi,2015,7,4,5,47,55,436000,,3.97955,
ffb52f92_5_0650.avi,2015,7,4,5,49,55,956000,,3.68874,
ffb52f92_5_0651.avi,2015,7,4,5,51,56,354000,,3.50165,
ffb52f92_5_0652.avi,2015,7,4,5,53,56,474000,,3.84193,
ffb52f92_5_0653.avi,2015,7,4,5,55,56,159000,,3.11367,
ffb52f92_5_0654.avi,2015,7,4,5,57,56,412000,,3.09876,
ffb52f92_5_0655.avi,2015,7,4,5,59,56,265000,,3.06392,
ffb52f92_5_0656.avi,2015,7,4,6,1,55,824000,,2.92279,TV
ffb52f92_5_0657.avi,2015,7,4,6,3,57,545000,,2.93402,TV
ffb52f92_5_0658.avi,2015,7,4,6,5,57,66000,,2.89163,TV
ffb52f92_5_0659.avi,2015,7,4,6,7,55,384000,,2.9553,TV
ffb52f92_5_0660.avi,2015,7,4,6,9,55,736000,,2.98725,TV
ffb52f92_5_0661.avi,2015,7,4,6,11,57,925000,,2.93285,TV
ffb52f92_5_0662.avi,2015,7,4,6,13,57,527000,,2.89848,TV
ffb52f92_5_0663.avi,2015,7,4,6,15,55,845000,,3.04369,TV
ffb52f92_5_0664.avi,2015,7,4,6,17,55,898000,,2.93514,TV
ffb52f92_5_0665.avi,2015,7,4,6,19,55,976000,,3.05999,TV
ffb52f92_5_0666.avi,2015,7,4,6,21,58,798000,,2.86663,TV
ffb52f92_5_0667.avi,2015,7,4,6,23,56,626000,,2.92596,TV
ffb52f92_5_0668.avi,2015,7,4,6,25,55,710000,,2.94061,TV
ffb52f92_5_0669.avi,2015,7,4,6,27,55,697000,,2.96615,TV
ffb52f92_5_0670.avi,2015,7,4,6,29,55,350000,,3.09045,TV
ffb52f92_5_0671.avi,2015,7,4,6,31,56,971000,,3.04704,TV
ffb52f92_5_0672.avi,2015,7,4,6,33,55,890000,,3.09501,TV
ffb52f92_5_0673.avi,2015,7,4,6,35,55,320000,,3.1038,TV
ffb52f92_5_0674.avi,2015,7,4,6,37,55,306000,,3.16123,TV
ffb52f92_5_0675.avi,2015,7,4,6,39,57,427000,,3.08588,TV
ffb52f92_5_0676.avi,2015,7,4,6,41,55,445000,,3.15641,TV
ffb52f92_5_0677.avi,2015,7,4,6,43,55,599000,,3.16511,TV
ffb52f92_5_0678.avi,2015,7,4,6,45,55,895000,,3.18028,TV
ffb52f92_5_0679.avi,2015,7,4,6,47,56,48000,,3.12812,
ffb52f92_5_0680.avi,2015,7,4,6,49,55,969000,,3.28471,
ffb52f92_5_0681.avi,2015,7,4,6,52,1,60000,,3.03961,
ffb52f92_5_0682.avi,2015,7,4,6,53,56,141000,,3.22028,
ffb52f92_5_0683.avi,2015,7,4,6,55,56,495000,,3.12114,
ffb52f92_5_0684.avi,2015,7,4,6,57,55,557000,,3.22702,
ffb52f92_5_0685.avi,2015,7,4,6,59,55,911000,,3.22565,
ffb52f92_5_0686.avi,2015,7,4,7,1,56,92000,,3.21138,
ffb52f92_5_0687.avi,2015,7,4,7,3,56,179000,,3.20742,
ffb52f92_5_0688.avi,2015,7,4,7,5,55,866000,,3.20045,
ffb52f92_5_0689.avi,2015,7,4,7,7,55,468000,,3.24058,
ffb52f92_5_0690.avi,2015,7,4,7,9,56,154000,,3.2371,
ffb52f92_5_0691.avi,2015,7,4,7,11,56,675000,,3.23749,
ffb52f92_5_0692.avi,2015,7,4,7,13,55,226000,,3.24048,
ffb52f92_5_0693.avi,2015,7,4,7,15,55,880000,,3.30614,
ffb52f92_5_0694.avi,2015,7,4,7,17,57,335000,,3.26295,
ffb52f92_5_0695.avi,2015,7,4,7,19,55,497000,,3.29054,
ffb52f92_5_0696.avi,2015,7,4,7,21,55,850000,,3.23301,
ffb52f92_5_0697.avi,2015,7,4,7,23,56,169000,,3.33173,
ffb52f92_5_0698.avi,2015,7,4,7,25,55,489000,,3.15401,
ffb52f92_5_0699.avi,2015,7,4,7,27,55,509000,,5.6601,
ffb52f92_5_0700.avi,2015,7,4,7,29,55,438000,,4.32859,
ffb52f92_5_0701.avi,2015,7,4,7,31,55,291000,,3.06158,
ffb52f92_5_0702.avi,2015,7,4,7,33,55,846000,,3.13361,
ffb52f92_5_0703.avi,2015,7,4,7,35,57,267000,,3.14961,
ffb52f92_5_0704.avi,2015,7,4,7,37,55,819000,,2.7388,
ffb52f92_5_0705.avi,2015,7,4,7,39,59,575000,,,
ffb52f92_5_0705.avi,,0.929281,,,,,,,,