a0f66459_6_0000.avi,2015,9,25,8,13,36,359000
a0f66459_6_0001.avi,2015,9,25,8,15,37,70000
a0f66459_6_0002.avi,2015,9,25,8,17,36,622000
a0f66459_6_0003.avi,2015,9,25,8,19,38,243000
a0f66459_6_0004.avi,2015,9,25,8,21,38,797000
a0f66459_6_0005.avi,2015,9,25,8,23,37,350000
a0f66459_6_0006.avi,2015,9,25,8,25,36,947000
a0f66459_6_0007.avi,2015,9,25,8,27,36,599000
a0f66459_6_0008.avi,2015,9,25,8,29,37,921000
a0f66459_6_0009.avi,2015,9,25,8,31,36,438000
a0f66459_6_0010.avi,2015,9,25,8,33,36,825000
a0f66459_6_0011.avi,2015,9,25,8,35,36,845000
a0f66459_6_0012.avi,2015,9,25,8,37,36,945000
a0f66459_6_0013.avi,2015,9,25,8,39,36,64000
a0f66459_6_0014.avi,2015,9,25,8,41,36,338000
a0f66459_6_0015.avi,2015,9,25,8,43,37,659000
a0f66459_6_0016.avi,2015,9,25,8,45,37,78000
a0f66459_6_0017.avi,2015,9,25,8,47,44,896000
a0f66459_6_0018.avi,2015,9,25,8,49,40,111000
a0f66459_6_0019.avi,2015,9,25,8,51,36,194000
a0f66459_6_0020.avi,2015,9,25,8,53,36,147000
a0f66459_6_0021.avi,2015,9,25,8,55,39,437000
a0f66459_6_0022.avi,2015,9,25,8,57,39,356000
a0f66459_6_0023.avi,2015,9,25,8,59,36,752000
a0f66459_6_0024.avi,2015,9,25,9,1,38,940000
a0f66459_6_0025.avi,2015,9,25,9,3,39,661000
a0f66459_6_0026.avi,2015,9,25,9,5,36,977000
a0f66459_6_0027.avi,2015,9,25,9,7,38,399000
a0f66459_6_0028.avi,2015,9,25,9,9,37,662000
a0f66459_6_0029.avi,2015,9,25,9,11,37,82000
a0f66459_6_0030.avi,2015,9,25,9,13,36,372000
a0f66459_6_0031.avi,2015,9,25,9,15,36,921000
a0f66459_6_0032.avi,2015,9,25,9,17,36,340000
a0f66459_6_0033.avi,2015,9,25,9,19,37,894000
a0f66459_6_0034.avi,2015,9,25,9,21,37,25000
a0f66459_6_0035.avi,2015,9,25,9,23,36,512000
a0f66459_6_0036.avi,2015,9,25,9,25,36,665000
a0f66459_6_0037.avi,2015,9,25,9,27,36,51000
a0f66459_6_0038.avi,2015,9,25,9,29,36,204000
a0f66459_6_0039.avi,2015,9,25,9,31,37,670000
a0f66459_6_0040.avi,2015,9,25,9,33,36,889000
a0f66459_6_0041.avi,2015,9,25,9,35,36,9000
a0f66459_6_0042.avi,2015,9,25,9,37,35,995000
a0f66459_6_0043.avi,2015,9,25,9,39,36,48000
a0f66459_6_0044.avi,2015,9,25,9,41,36,986000
a0f66459_6_0045.avi,2015,9,25,9,43,36,833000
a0f66459_6_0046.avi,2015,9,25,9,45,36,586000
a0f66459_6_0047.avi,2015,9,25,9,47,37,439000
a0f66459_6_0048.avi,2015,9,25,9,49,37,425000
a0f66459_6_0049.avi,2015,9,25,9,51,37,546000
a0f66459_6_0050.avi,2015,9,25,9,53,38,845000
a0f66459_6_0051.avi,2015,9,25,9,55,36,62000
a0f66459_6_0052.avi,2015,9,25,9,57,36,449000
a0f66459_6_0053.avi,2015,9,25,9,59,38,471000
a0f66459_6_0054.avi,2015,9,25,10,1,39,192000
a0f66459_6_0055.avi,2015,9,25,10,3,36,908000
a0f66459_6_0056.avi,2015,9,25,10,5,39,49000
a0f66459_6_0057.avi,2015,9,25,10,7,36,659000
a0f66459_6_0058.avi,2015,9,25,10,9,37,580000
a0f66459_6_0059.avi,2015,9,25,10,11,36,505000
a0f66459_6_0060.avi,2015,9,25,10,13,36,385000
a0f66459_6_0061.avi,2015,9,25,10,15,38,352000
a0f66459_6_0062.avi,2015,9,25,10,17,38,739000
a0f66459_6_0063.avi,2015,9,25,10,19,36,313000
a0f66459_6_0064.avi,2015,9,25,10,21,36,15000
a0f66459_6_0065.avi,2015,9,25,10,23,36,210000
a0f66459_6_0066.avi,2015,9,25,10,25,36,197000
a0f66459_6_0067.avi,2015,9,25,10,27,37,795000
a0f66459_6_0068.avi,2015,9,25,10,29,36,714000
a0f66459_6_0069.avi,2015,9,25,10,31,36,599000
a0f66459_6_0070.avi,2015,9,25,10,33,36,653000
a0f66459_6_0071.avi,2015,9,25,10,35,35,839000
a0f66459_6_0072.avi,2015,9,25,10,37,35,938000
a0f66459_6_0073.avi,2015,9,25,10,39,35,958000
a0f66459_6_0074.avi,2015,9,25,10,41,36,760000
a0f66459_6_0075.avi,2015,9,25,10,43,36,913000
a0f66459_6_0076.avi,2015,9,25,10,45,36,333000
a0f66459_6_0077.avi,2015,9,25,10,47,36,652000
a0f66459_6_0078.avi,2015,9,25,10,49,35,901000
a0f66459_6_0079.avi,2015,9,25,10,51,36,221000
a0f66459_6_0080.avi,2015,9,25,10,53,36,508000
a0f66459_6_0081.avi,2015,9,25,10,55,35,928000
a0f66459_6_0082.avi,2015,9,25,10,57,36,381000
a0f66459_6_0083.avi,2015,9,25,10,59,35,912000
a0f66459_6_0084.avi,2015,9,25,11,1,38,334000
a0f66459_6_0085.avi,2015,9,25,11,3,37,419000
a0f66459_6_0086.avi,2015,9,25,11,5,38,141000
a0f66459_6_0087.avi,2015,9,25,11,7,36,759000
a0f66459_6_0088.avi,2015,9,25,11,9,36,412000
a0f66459_6_0089.avi,2015,9,25,11,11,36,809000
a0f66459_6_0090.avi,2015,9,25,11,13,36,729000
a0f66459_6_0091.avi,2015,9,25,11,15,35,747000
a0f66459_6_0092.avi,2015,9,25,11,17,35,900000
a0f66459_6_0093.avi,2015,9,25,11,19,36,155000
a0f66459_6_0094.avi,2015,9,25,11,21,36,552000
a0f66459_6_0095.avi,2015,9,25,11,23,36,38000
a0f66459_6_0096.avi,2015,9,25,11,25,37,393000
a0f66459_6_0097.avi,2015,9,25,11,27,36,645000
a0f66459_6_0098.avi,2015,9,25,11,29,36,965000
a0f66459_6_0099.avi,2015,9,25,11,31,35,950000
a0f66459_6_0100.avi,2015,9,25,11,33,37,851000
a0f66459_6_0101.avi,2015,9,25,11,35,36,203000
a0f66459_6_0102.avi,2015,9,25,11,37,35,756000
a0f66459_6_0103.avi,2015,9,25,11,39,35,776000
a0f66459_6_0104.avi,2015,9,25,11,41,36,12000
a0f66459_6_0105.avi,2015,9,25,11,43,35,993000
a0f66459_6_0106.avi,2015,9,25,11,45,35,912000
a0f66459_6_0107.avi,2015,9,25,11,47,36,933000
a0f66459_6_0108.avi,2015,9,25,11,49,35,852000
a0f66459_6_0109.avi,2015,9,25,11,51,35,906000
a0f66459_6_0110.avi,2015,9,25,11,53,36,92000
a0f66459_6_0111.avi,2015,9,25,11,55,36,190000
a0f66459_6_0112.avi,2015,9,25,11,57,36,444000
a0f66459_6_0113.avi,2015,9,25,11,59,36,664000
a0f66459_6_0114.avi,2015,9,25,12,1,35,882000
a0f66459_6_0115.avi,2015,9,25,12,3,37,670000
a0f66459_6_0116.avi,2015,9,25,12,5,36,667000
a0f66459_6_0117.avi,2015,9,25,12,7,36,354000
a0f66459_6_0118.avi,2015,9,25,12,9,36,774000
a0f66459_6_0119.avi,2015,9,25,12,11,36,126000
a0f66459_6_0120.avi,2015,9,25,12,13,36,46000
a0f66459_6_0121.avi,2015,9,25,12,15,37,601000
a0f66459_6_0122.avi,2015,9,25,12,17,36,531000
a0f66459_6_0123.avi,2015,9,25,12,19,38,53000
a0f66459_6_0124.avi,2015,9,25,12,21,37,338000
a0f66459_6_0125.avi,2015,9,25,12,23,35,725000
a0f66459_6_0126.avi,2015,9,25,12,25,35,978000
a0f66459_6_0127.avi,2015,9,25,12,27,36,342000
a0f66459_6_0128.avi,2015,9,25,12,29,36,295000
a0f66459_6_0129.avi,2015,9,25,12,31,35,848000
a0f66459_6_0130.avi,2015,9,25,12,33,36,602000
a0f66459_6_0131.avi,2015,9,25,12,35,35,955000
a0f66459_6_0132.avi,2015,9,25,12,37,36,375000
a0f66459_6_0133.avi,2015,9,25,12,39,35,706000
a0f66459_6_0134.avi,2015,9,25,12,41,36,92000
a0f66459_6_0135.avi,2015,9,25,12,43,35,711000
a0f66459_6_0136.avi,2015,9,25,12,45,35,730000
a0f66459_6_0137.avi,2015,9,25,12,47,36,518000
a0f66459_6_0138.avi,2015,9,25,12,49,35,917000
a0f66459_6_0139.avi,2015,9,25,12,51,36,70000
a0f66459_6_0140.avi,2015,9,25,12,53,37,358000
a0f66459_6_0141.avi,2015,9,25,12,55,35,643000
a0f66459_6_0142.avi,2015,9,25,12,57,35,929000
a0f66459_6_0143.avi,2015,9,25,12,59,37,17000
a0f66459_6_0144.avi,2015,9,25,13,1,37,213000
a0f66459_6_0145.avi,2015,9,25,13,3,35,699000
a0f66459_6_0146.avi,2015,9,25,13,5,38,388000
a0f66459_6_0147.avi,2015,9,25,13,7,35,739000
a0f66459_6_0148.avi,2015,9,25,13,9,36,126000
a0f66459_6_0149.avi,2015,9,25,13,11,35,990000
a0f66459_6_0150.avi,2015,9,25,13,13,36,377000
a0f66459_6_0151.avi,2015,9,25,13,15,35,763000
a0f66459_6_0152.avi,2015,9,25,13,17,36,517000
a0f66459_6_0153.avi,2015,9,25,13,19,36,370000
a0f66459_6_0154.avi,2015,9,25,13,21,35,756000
a0f66459_6_0155.avi,2015,9,25,13,23,36,254000
a0f66459_6_0156.avi,2015,9,25,13,25,35,573000
a0f66459_6_0157.avi,2015,9,25,13,27,35,926000
a0f66459_6_0158.avi,2015,9,25,13,29,36,212000
a0f66459_6_0159.avi,2015,9,25,13,31,36,233000
a0f66459_6_0160.avi,2015,9,25,13,33,36,232000
a0f66459_6_0161.avi,2015,9,25,13,35,35,851000
a0f66459_6_0162.avi,2015,9,25,13,37,35,971000
a0f66459_6_0163.avi,2015,9,25,13,39,36,725000
a0f66459_6_0164.avi,2015,9,25,13,41,36,40000
a0f66459_6_0165.avi,2015,9,25,13,43,36,527000
a0f66459_6_0166.avi,2015,9,25,13,45,35,494000
a0f66459_6_0167.avi,2015,9,25,13,47,36,448000
a0f66459_6_0168.avi,2015,9,25,13,49,35,434000
a0f66459_6_0169.avi,2015,9,25,13,51,37,222000
a0f66459_6_0170.avi,2015,9,25,13,53,36,742000
a0f66459_6_0171.avi,2015,9,25,13,55,36,72000
a0f66459_6_0172.avi,2015,9,25,13,57,36,392000
a0f66459_6_0173.avi,2015,9,25,13,59,35,712000
a0f66459_6_0174.avi,2015,9,25,14,1,36,65000
a0f66459_6_0175.avi,2015,9,25,14,3,36,385000
a0f66459_6_0176.avi,2015,9,25,14,5,36,973000
a0f66459_6_0177.avi,2015,9,25,14,7,36,169000
a0f66459_6_0178.avi,2015,9,25,14,9,38,724000
a0f66459_6_0179.avi,2015,9,25,14,11,36,409000
a0f66459_6_0180.avi,2015,9,25,14,13,38,931000
a0f66459_6_0181.avi,2015,9,25,14,15,35,981000
a0f66459_6_0182.avi,2015,9,25,14,17,35,712000
a0f66459_6_0183.avi,2015,9,25,14,19,41,138000
a0f66459_6_0184.avi,2015,9,25,14,21,36,19000
a0f66459_6_0185.avi,2015,9,25,14,23,36,439000
a0f66459_6_0186.avi,2015,9,25,14,25,42,273000
a0f66459_6_0187.avi,2015,9,25,14,27,36,187000
a0f66459_6_0188.avi,2015,9,25,14,29,36,351000
a0f66459_6_0189.avi,2015,9,25,14,31,35,870000
a0f66459_6_0190.avi,2015,9,25,14,33,36,123000
a0f66459_6_0191.avi,2015,9,25,14,35,35,910000
a0f66459_6_0192.avi,2015,9,25,14,37,35,629000
a0f66459_6_0193.avi,2015,9,25,14,39,36,361000
a0f66459_6_0194.avi,2015,9,25,14,41,36,100000
a0f66459_6_0195.avi,2015,9,25,14,43,37,789000
a0f66459_6_0196.avi,2015,9,25,14,45,35,339000
a0f66459_6_0197.avi,2015,9,25,14,47,37,428000
a0f66459_6_0198.avi,2015,9,25,14,49,37,415000
a0f66459_6_0199.avi,2015,9,25,14,51,36,259000
a0f66459_6_0200.avi,2015,9,25,14,53,36,112000
a0f66459_6_0201.avi,2015,9,25,14,55,35,431000
a0f66459_6_0202.avi,2015,9,25,14,57,36,552000
a0f66459_6_0203.avi,2015,9,25,14,59,35,437000
a0f66459_6_0204.avi,2015,9,25,15,1,35,401000
a0f66459_6_0205.avi,2015,9,25,15,3,35,788000
a0f66459_6_0206.avi,2015,9,25,15,5,37,42000
a0f66459_6_0207.avi,2015,9,25,15,7,35,527000
a0f66459_6_0208.avi,2015,9,25,15,9,36,114000
a0f66459_6_0209.avi,2015,9,25,15,11,35,734000
a0f66459_6_0210.avi,2015,9,25,15,13,36,200000
a0f66459_6_0211.avi,2015,9,25,15,15,35,785000
a0f66459_6_0212.avi,2015,9,25,15,17,37,273000
a0f66459_6_0213.avi,2015,9,25,15,19,37,693000
a0f66459_6_0214.avi,2015,9,25,15,21,40,449000
a0f66459_6_0215.avi,2015,9,25,15,23,36,175000
a0f66459_6_0216.avi,2015,9,25,15,25,35,294000
a0f66459_6_0217.avi,2015,9,25,15,27,36,983000
a0f66459_6_0218.avi,2015,9,25,15,29,35,534000
a0f66459_6_0219.avi,2015,9,25,15,31,37,56000
a0f66459_6_0220.avi,2015,9,25,15,33,35,674000
a0f66459_6_0221.avi,2015,9,25,15,35,35,505000
a0f66459_6_0222.avi,2015,9,25,15,37,35,525000
a0f66459_6_0223.avi,2015,9,25,15,39,37,280000
a0f66459_6_0224.avi,2015,9,25,15,41,35,881000
a0f66459_6_0225.avi,2015,9,25,15,43,35,368000
a0f66459_6_0226.avi,2015,9,25,15,45,35,483000
a0f66459_6_0227.avi,2015,9,25,15,47,35,369000
a0f66459_6_0228.avi,2015,9,25,15,49,35,456000
a0f66459_6_0229.avi,2015,9,25,15,51,35,743000
a0f66459_6_0230.avi,2015,9,25,15,53,35,996000
a0f66459_6_0231.avi,2015,9,25,15,55,35,415000
a0f66459_6_0232.avi,2015,9,25,15,57,35,947000
a0f66459_6_0233.avi,2015,9,25,15,59,35,499000
a0f66459_6_0234.avi,2015,9,25,16,1,35,485000
a0f66459_6_0235.avi,2015,9,25,16,3,36,106000
a0f66459_6_0236.avi,2015,9,25,16,5,35,826000
a0f66459_6_0237.avi,2015,9,25,16,7,36,12000
a0f66459_6_0238.avi,2015,9,25,16,9,35,142000
a0f66459_6_0239.avi,2015,9,25,16,11,36,129000
a0f66459_6_0240.avi,2015,9,25,16,13,35,815000
a0f66459_6_0241.avi,2015,9,25,16,15,36,136000
a0f66459_6_0242.avi,2015,9,25,16,17,36,122000
a0f66459_6_0243.avi,2015,9,25,16,19,35,386000
a0f66459_6_0244.avi,2015,9,25,16,21,35,506000
a0f66459_6_0245.avi,2015,9,25,16,23,35,426000
a0f66459_6_0246.avi,2015,9,25,16,25,37,348000
a0f66459_6_0247.avi,2015,9,25,16,27,35,967000
a0f66459_6_0248.avi,2015,9,25,16,29,41,34000
a0f66459_6_0249.avi,2015,9,25,16,31,35,482000
a0f66459_6_0250.avi,2015,9,25,16,33,40,406000
a0f66459_6_0251.avi,2015,9,25,16,35,35,922000
a0f66459_6_0252.avi,2015,9,25,16,37,35,575000
a0f66459_6_0253.avi,2015,9,25,16,39,37,863000
a0f66459_6_0254.avi,2015,9,25,16,41,35,428000
a0f66459_6_0255.avi,2015,9,25,16,43,36,81000
a0f66459_6_0256.avi,2015,9,25,16,45,35,566000
a0f66459_6_0257.avi,2015,9,25,16,47,36,87000
a0f66459_6_0258.avi,2015,9,25,16,49,36,574000
a0f66459_6_0259.avi,2015,9,25,16,51,35,393000
a0f66459_6_0260.avi,2015,9,25,16,53,35,990000
a0f66459_6_0261.avi,2015,9,25,16,55,35,509000
a0f66459_6_0262.avi,2015,9,25,16,57,35,63000
a0f66459_6_0263.avi,2015,9,25,16,59,35,483000
a0f66459_6_0264.avi,2015,9,25,17,1,36,837000
a0f66459_6_0265.avi,2015,9,25,17,3,36,134000
a0f66459_6_0266.avi,2015,9,25,17,5,36,955000
a0f66459_6_0267.avi,2015,9,25,17,7,37,776000
a0f66459_6_0268.avi,2015,9,25,17,9,35,393000
a0f66459_6_0269.avi,2015,9,25,17,11,35,147000
a0f66459_6_0270.avi,2015,9,25,17,13,50,625000
a0f66459_6_0271.avi,2015,9,25,17,15,36,698000
a0f66459_6_0272.avi,2015,9,25,17,17,37,652000
a0f66459_6_0273.avi,2015,9,25,17,19,41,142000
a0f66459_6_0274.avi,2015,9,25,17,21,37,725000
a0f66459_6_0275.avi,2015,9,25,17,23,35,476000
a0f66459_6_0276.avi,2015,9,25,17,25,36,508000
a0f66459_6_0277.avi,2015,9,25,17,27,36,663000
a0f66459_6_0278.avi,2015,9,25,17,29,39,719000
a0f66459_6_0279.avi,2015,9,25,17,31,35,300000
a0f66459_6_0280.avi,2015,9,25,17,33,36,655000
a0f66459_6_0281.avi,2015,9,25,17,35,35,574000
a0f66459_6_0282.avi,2015,9,25,17,37,35,937000
a0f66459_6_0283.avi,2015,9,25,17,39,35,224000
a0f66459_6_0284.avi,2015,9,25,17,41,35,169000
a0f66459_6_0285.avi,2015,9,25,17,43,35,789000
a0f66459_6_0286.avi,2015,9,25,17,45,36,143000
a0f66459_6_0287.avi,2015,9,25,17,47,37,450000
a0f66459_6_0288.avi,2015,9,25,17,49,35,368000
a0f66459_6_0289.avi,2015,9,25,17,51,35,421000
a0f66459_6_0290.avi,2015,9,25,17,53,35,474000
a0f66459_6_0291.avi,2015,9,25,17,55,35,328000
a0f66459_6_0292.avi,2015,9,25,17,57,35,315000
a0f66459_6_0293.avi,2015,9,25,17,59,35,946000
a0f66459_6_0294.avi,2015,9,25,18,1,35,632000
a0f66459_6_0295.avi,2015,9,25,18,3,42,893000
a0f66459_6_0296.avi,2015,9,25,18,5,35,738000
a0f66459_6_0297.avi,2015,9,25,18,7,36,592000
a0f66459_6_0298.avi,2015,9,25,18,9,35,322000
a0f66459_6_0299.avi,2015,9,25,18,11,41,914000
a0f66459_6_0300.avi,2015,9,25,18,13,35,328000
a0f66459_6_0301.avi,2015,9,25,18,15,36,148000
a0f66459_6_0302.avi,2015,9,25,18,17,36,969000
a0f66459_6_0303.avi,2015,9,25,18,19,38,524000
a0f66459_6_0304.avi,2015,9,25,18,21,39,288000
a0f66459_6_0305.avi,2015,9,25,18,23,35,38000
a0f66459_6_0306.avi,2015,9,25,18,25,42,298000
a0f66459_6_0307.avi,2015,9,25,18,27,40,17000
a0f66459_6_0308.avi,2015,9,25,18,29,39,2000
a0f66459_6_0309.avi,2015,9,25,18,31,35,729000
a0f66459_6_0310.avi,2015,9,25,18,33,35,782000
a0f66459_6_0311.avi,2015,9,25,18,35,35,869000
a0f66459_6_0312.avi,2015,9,25,18,37,34,955000
a0f66459_6_0313.avi,2015,9,25,18,39,35,9000
a0f66459_6_0314.avi,2015,9,25,18,41,35,126000
a0f66459_6_0315.avi,2015,9,25,18,43,38,163000
a0f66459_6_0316.avi,2015,9,25,18,45,35,279000
a0f66459_6_0317.avi,2015,9,25,18,47,35,966000
a0f66459_6_0318.avi,2015,9,25,18,49,35,820000
a0f66459_6_0319.avi,2015,9,25,18,51,35,673000
a0f66459_6_0320.avi,2015,9,25,18,53,35,438000
a0f66459_6_0321.avi,2015,9,25,18,55,35,424000
a0f66459_6_0322.avi,2015,9,25,18,57,35,645000
a0f66459_6_0323.avi,2015,9,25,18,59,35,697000
a0f66459_6_0324.avi,2015,9,25,19,1,35,617000
a0f66459_6_0325.avi,2015,9,25,19,3,36,504000
a0f66459_6_0326.avi,2015,9,25,19,5,35,66000
a0f66459_6_0327.avi,2015,9,25,19,7,35,54000
a0f66459_6_0328.avi,2015,9,25,19,9,35,374000
a0f66459_6_0329.avi,2015,9,25,19,11,39,164000
a0f66459_6_0330.avi,2015,9,25,19,13,36,647000
a0f66459_6_0331.avi,2015,9,25,19,15,35,44000
a0f66459_6_0332.avi,2015,9,25,19,17,35,431000
a0f66459_6_0333.avi,2015,9,25,19,19,35,717000
a0f66459_6_0334.avi,2015,9,25,19,21,37,439000
a0f66459_6_0335.avi,2015,9,25,19,23,35,591000
a0f66459_6_0336.avi,2015,9,25,19,25,35,478000
a0f66459_6_0337.avi,2015,9,25,19,27,35,341000
a0f66459_6_0338.avi,2015,9,25,19,29,36,796000
a0f66459_6_0339.avi,2015,9,25,19,31,37,416000
a0f66459_6_0340.avi,2015,9,25,19,33,37,837000
a0f66459_6_0341.avi,2015,9,25,19,35,37,490000
a0f66459_6_0342.avi,2015,9,25,19,37,35,252000
a0f66459_6_0343.avi,2015,9,25,19,39,34,838000
a0f66459_6_0344.avi,2015,9,25,19,41,37,551000
a0f66459_6_0345.avi,2015,9,25,19,43,34,934000
a0f66459_6_0346.avi,2015,9,25,19,45,36,321000
a0f66459_6_0347.avi,2015,9,25,19,47,37,109000
a0f66459_6_0348.avi,2015,9,25,19,49,37,18000
a0f66459_6_0349.avi,2015,9,25,19,51,35,603000
a0f66459_6_0350.avi,2015,9,25,19,53,35,357000
a0f66459_6_0351.avi,2015,9,25,19,55,34,976000
a0f66459_6_0352.avi,2015,9,25,19,57,41,35000
a0f66459_6_0353.avi,2015,9,25,19,59,39,932000
a0f66459_6_0354.avi,2015,9,25,20,1,36,81000
a0f66459_6_0355.avi,2015,9,25,20,3,34,699000
a0f66459_6_0356.avi,2015,9,25,20,5,35,420000
a0f66459_6_0357.avi,2015,9,25,20,7,37,41000
a0f66459_6_0358.avi,2015,9,25,20,9,35,194000
a0f66459_6_0359.avi,2015,9,25,20,11,34,722000
a0f66459_6_0360.avi,2015,9,25,20,13,35,815000
a0f66459_6_0361.avi,2015,9,25,20,15,38,301000
a0f66459_6_0362.avi,2015,9,25,20,17,39,589000
a0f66459_6_0363.avi,2015,9,25,20,19,35,705000
a0f66459_6_0364.avi,2015,9,25,20,21,35,671000
a0f66459_6_0365.avi,2015,9,25,20,23,35,857000
a0f66459_6_0366.avi,2015,9,25,20,25,36,345000
a0f66459_6_0367.avi,2015,9,25,20,27,36,297000
a0f66459_6_0368.avi,2015,9,25,20,29,36,350000
a0f66459_6_0369.avi,2015,9,25,20,31,36,937000
a0f66459_6_0370.avi,2015,9,25,20,33,35,934000
a0f66459_6_0371.avi,2015,9,25,20,35,35,954000
a0f66459_6_0372.avi,2015,9,25,20,37,38,576000
a0f66459_6_0373.avi,2015,9,25,20,39,36,862000
a0f66459_6_0374.avi,2015,9,25,20,41,36,998000
a0f66459_6_0375.avi,2015,9,25,20,43,35,945000
a0f66459_6_0376.avi,2015,9,25,20,45,35,965000
a0f66459_6_0377.avi,2015,9,25,20,47,36,919000
a0f66459_6_0378.avi,2015,9,25,20,49,37,506000
a0f66459_6_0379.avi,2015,9,25,20,51,36,892000
a0f66459_6_0380.avi,2015,9,25,20,53,36,279000
a0f66459_6_0381.avi,2015,9,25,20,55,36,777000
a0f66459_6_0382.avi,2015,9,25,20,57,37,364000
a0f66459_6_0383.avi,2015,9,25,20,59,35,882000
a0f66459_6_0384.avi,2015,9,25,21,1,35,601000
a0f66459_6_0385.avi,2015,9,25,21,3,37,857000
a0f66459_6_0386.avi,2015,9,25,21,5,37,420000
a0f66459_6_0387.avi,2015,9,25,21,7,36,240000
a0f66459_6_0388.avi,2015,9,25,21,9,35,726000
a0f66459_6_0389.avi,2015,9,25,21,11,36,79000
a0f66459_6_0390.avi,2015,9,25,21,13,35,664000
a0f66459_6_0391.avi,2015,9,25,21,15,35,885000
a0f66459_6_0392.avi,2015,9,25,21,17,36,283000
a0f66459_6_0393.avi,2015,9,25,21,19,37,437000
a0f66459_6_0394.avi,2015,9,25,21,21,36,290000
a0f66459_6_0395.avi,2015,9,25,21,23,37,445000
a0f66459_6_0396.avi,2015,9,25,21,25,36,263000
a0f66459_6_0397.avi,2015,9,25,21,27,36,260000
a0f66459_6_0398.avi,2015,9,25,21,29,37,348000
a0f66459_6_0399.avi,2015,9,25,21,31,37,368000
a0f66459_6_0400.avi,2015,9,25,21,33,36,186000
a0f66459_6_0401.avi,2015,9,25,21,35,35,645000
a0f66459_6_0402.avi,2015,9,25,21,37,35,832000
a0f66459_6_0403.avi,2015,9,25,21,39,35,790000
a0f66459_6_0404.avi,2015,9,25,21,41,35,636000
a0f66459_6_0405.avi,2015,9,25,21,43,36,590000
a0f66459_6_0406.avi,2015,9,25,21,45,39,847000
a0f66459_6_0407.avi,2015,9,25,21,47,36,329000
a0f66459_6_0408.avi,2015,9,25,21,49,36,343000
a0f66459_6_0409.avi,2015,9,25,21,51,36,198000
a0f66459_6_0410.avi,2015,9,25,21,53,36,47000
a0f66459_6_0411.avi,2015,9,25,21,55,39,365000
a0f66459_6_0412.avi,2015,9,25,21,57,40,353000
a0f66459_6_0413.avi,2015,9,25,21,59,35,639000
a0f66459_6_0414.avi,2015,9,25,22,1,37,839000
a0f66459_6_0415.avi,2015,9,25,22,3,36,586000
a0f66459_6_0416.avi,2015,9,25,22,5,37,574000
a0f66459_6_0417.avi,2015,9,25,22,7,37,427000
a0f66459_6_0418.avi,2015,9,25,22,9,36,146000
a0f66459_6_0419.avi,2015,9,25,22,11,36,9000
a0f66459_6_0420.avi,2015,9,25,22,13,35,861000
a0f66459_6_0421.avi,2015,9,25,22,15,38,50000
a0f66459_6_0422.avi,2015,9,25,22,17,35,668000
a0f66459_6_0423.avi,2015,9,25,22,19,35,531000
a0f66459_6_0424.avi,2015,9,25,22,21,37,694000
a0f66459_6_0425.avi,2015,9,25,22,23,35,375000
a0f66459_6_0426.avi,2015,9,25,22,25,37,564000
a0f66459_6_0427.avi,2015,9,25,22,27,36,248000
a0f66459_6_0428.avi,2015,9,25,22,29,37,236000
a0f66459_6_0429.avi,2015,9,25,22,31,37,122000
a0f66459_6_0430.avi,2015,9,25,22,33,35,819000
a0f66459_6_0431.avi,2015,9,25,22,35,35,673000
a0f66459_6_0432.avi,2015,9,25,22,37,35,526000
a0f66459_6_0433.avi,2015,9,25,22,39,35,379000
a0f66459_6_0434.avi,2015,9,25,22,41,35,290000
a0f66459_6_0435.avi,2015,9,25,22,43,36,344000
a0f66459_6_0436.avi,2015,9,25,22,45,36,183000
a0f66459_6_0437.avi,2015,9,25,22,47,37,204000
a0f66459_6_0438.avi,2015,9,25,22,49,35,990000
a0f66459_6_0439.avi,2015,9,25,22,51,35,877000
a0f66459_6_0440.avi,2015,9,25,22,53,36,864000
a0f66459_6_0441.avi,2015,9,25,22,55,35,528000
a0f66459_6_0442.avi,2015,9,25,22,57,35,380000
a0f66459_6_0443.avi,2015,9,25,22,59,36,367000
a0f66459_6_0444.avi,2015,9,25,23,1,36,220000
a0f66459_6_0445.avi,2015,9,25,23,3,35,807000
a0f66459_6_0446.avi,2015,9,25,23,5,37,195000
a0f66459_6_0447.avi,2015,9,25,23,7,37,193000
a0f66459_6_0448.avi,2015,9,25,23,9,35,912000
a0f66459_6_0449.avi,2015,9,25,23,11,35,864000
a0f66459_6_0450.avi,2015,9,25,23,13,35,751000
a0f66459_6_0451.avi,2015,9,25,23,15,35,637000
a0f66459_6_0452.avi,2015,9,25,23,17,35,534000
a0f66459_6_0453.avi,2015,9,25,23,19,36,589000
a0f66459_6_0454.avi,2015,9,25,23,21,35,408000
a0f66459_6_0455.avi,2015,9,25,23,23,36,462000
a0f66459_6_0456.avi,2015,9,25,23,25,35,246000
a0f66459_6_0457.avi,2015,9,25,23,27,35,199000
a0f66459_6_0458.avi,2015,9,25,23,29,36,399000
a0f66459_6_0459.avi,2015,9,25,23,31,36,318000
a0f66459_6_0460.avi,2015,9,25,23,33,36,239000
a0f66459_6_0461.avi,2015,9,25,23,35,36,159000
a0f66459_6_0462.avi,2015,9,25,23,37,37,247000
a0f66459_6_0463.avi,2015,9,25,23,39,37,178000
a0f66459_6_0464.avi,2015,9,25,23,41,35,952000
a0f66459_6_0465.avi,2015,9,25,23,43,35,904000
a0f66459_6_0466.avi,2015,9,25,23,45,35,824000
a0f66459_6_0467.avi,2015,9,25,23,47,36,912000
a0f66459_6_0468.avi,2015,9,25,23,49,35,698000
a0f66459_6_0469.avi,2015,9,25,23,51,35,573000
a0f66459_6_0470.avi,2015,9,25,23,53,35,460000
a0f66459_6_0471.avi,2015,9,25,23,55,35,380000
a0f66459_6_0472.avi,2015,9,25,23,57,35,365000
a0f66459_6_0473.avi,2015,9,25,23,59,35,352000
a0f66459_6_0474.avi,2015,9,26,0,1,36,451000
a0f66459_6_0475.avi,2015,9,26,0,3,35,270000
a0f66459_6_0476.avi,2015,9,26,0,5,35,224000
a0f66459_6_0477.avi,2015,9,26,0,7,35,177000
a0f66459_6_0478.avi,2015,9,26,0,9,36,264000
a0f66459_6_0479.avi,2015,9,26,0,11,36,150000
a0f66459_6_0480.avi,2015,9,26,0,13,36,80000
a0f66459_6_0481.avi,2015,9,26,0,15,35,966000
a0f66459_6_0482.avi,2015,9,26,0,17,35,887000
a0f66459_6_0483.avi,2015,9,26,0,19,35,840000
a0f66459_6_0484.avi,2015,9,26,0,21,35,794000
a0f66459_6_0485.avi,2015,9,26,0,23,35,691000
a0f66459_6_0486.avi,2015,9,26,0,25,35,479000
a0f66459_6_0487.avi,2015,9,26,0,27,35,732000
a0f66459_6_0488.avi,2015,9,26,0,29,35,786000
a0f66459_6_0489.avi,2015,9,26,0,31,35,506000
a0f66459_6_0490.avi,2015,9,26,0,33,36,160000
a0f66459_6_0491.avi,2015,9,26,0,35,36,58000
a0f66459_6_0492.avi,2015,9,26,0,37,35,944000
a0f66459_6_0493.avi,2015,9,26,0,39,35,898000
a0f66459_6_0494.avi,2015,9,26,0,41,35,676000
a0f66459_6_0495.avi,2015,9,26,0,43,36,630000
a0f66459_6_0496.avi,2015,9,26,0,45,35,235000
a0f66459_6_0497.avi,2015,9,26,0,47,36,155000
a0f66459_6_0498.avi,2015,9,26,0,49,37,76000
a0f66459_6_0499.avi,2015,9,26,0,51,35,761000
a0f66459_6_0500.avi,2015,9,26,0,53,35,715000
a0f66459_6_0501.avi,2015,9,26,0,55,35,300000
a0f66459_6_0502.avi,2015,9,26,0,57,35,230000
a0f66459_6_0503.avi,2015,9,26,0,59,35,16000
a0f66459_6_0504.avi,2015,9,26,1,1,35,938000
a0f66459_6_0505.avi,2015,9,26,1,3,35,658000
a0f66459_6_0506.avi,2015,9,26,1,5,35,411000
a0f66459_6_0507.avi,2015,9,26,1,7,35,141000
a0f66459_6_0508.avi,2015,9,26,1,9,36,29000
a0f66459_6_0509.avi,2015,9,26,1,11,35,814000
a0f66459_6_0510.avi,2015,9,26,1,13,36,735000
a0f66459_6_0511.avi,2015,9,26,1,15,35,355000
a0f66459_6_0512.avi,2015,9,26,1,17,36,209000
a0f66459_6_0513.avi,2015,9,26,1,19,35,939000
a0f66459_6_0514.avi,2015,9,26,1,21,36,793000
a0f66459_6_0515.avi,2015,9,26,1,23,35,411000
a0f66459_6_0516.avi,2015,9,26,1,25,35,196000
a0f66459_6_0517.avi,2015,9,26,1,27,36,51000
a0f66459_6_0518.avi,2015,9,26,1,29,36,948000
a0f66459_6_0519.avi,2015,9,26,1,31,36,669000
a0f66459_6_0520.avi,2015,9,26,1,33,36,422000
a0f66459_6_0521.avi,2015,9,26,1,35,35,7000
a0f66459_6_0522.avi,2015,9,26,1,37,37,29000
a0f66459_6_0523.avi,2015,9,26,1,39,35,714000
a0f66459_6_0524.avi,2015,9,26,1,41,37,713000
a0f66459_6_0525.avi,2015,9,26,1,43,36,331000
a0f66459_6_0526.avi,2015,9,26,1,45,34,917000
a0f66459_6_0527.avi,2015,9,26,1,47,38,73000
a0f66459_6_0528.avi,2015,9,26,1,49,35,590000
a0f66459_6_0529.avi,2015,9,26,1,51,35,355000
a0f66459_6_0530.avi,2015,9,26,1,53,35,108000
a0f66459_6_0531.avi,2015,9,26,1,55,36,29000
a0f66459_6_0532.avi,2015,9,26,1,57,35,781000
a0f66459_6_0533.avi,2015,9,26,1,59,36,735000
a0f66459_6_0534.avi,2015,9,26,2,1,35,388000
a0f66459_6_0535.avi,2015,9,26,2,3,36,286000
a0f66459_6_0536.avi,2015,9,26,2,5,34,938000
a0f66459_6_0537.avi,2015,9,26,2,7,35,826000
a0f66459_6_0538.avi,2015,9,26,2,9,35,612000
a0f66459_6_0539.avi,2015,9,26,2,11,35,364000
a0f66459_6_0540.avi,2015,9,26,2,13,35,95000
a0f66459_6_0541.avi,2015,9,26,2,15,34,848000
a0f66459_6_0542.avi,2015,9,26,2,17,35,802000
a0f66459_6_0543.avi,2015,9,26,2,19,35,555000
a0f66459_6_0544.avi,2015,9,26,2,21,35,408000
a0f66459_6_0545.avi,2015,9,26,2,23,35,194000
a0f66459_6_0546.avi,2015,9,26,2,25,34,923000
a0f66459_6_0547.avi,2015,9,26,2,27,35,905000
a0f66459_6_0548.avi,2015,9,26,2,29,37,994000
a0f66459_6_0549.avi,2015,9,26,2,31,35,512000
a0f66459_6_0550.avi,2015,9,26,2,33,38,768000
a0f66459_6_0551.avi,2015,9,26,2,35,35,129000
a0f66459_6_0552.avi,2015,9,26,2,37,34,882000
a0f66459_6_0553.avi,2015,9,26,2,39,35,803000
a0f66459_6_0554.avi,2015,9,26,2,41,36,774000
a0f66459_6_0555.avi,2015,9,26,2,43,35,727000
a0f66459_6_0556.avi,2015,9,26,2,45,34,879000
a0f66459_6_0557.avi,2015,9,26,2,47,35,93000
a0f66459_6_0558.avi,2015,9,26,2,49,37,682000
a0f66459_6_0559.avi,2015,9,26,2,51,35,600000
a0f66459_6_0560.avi,2015,9,26,2,53,35,820000
a0f66459_6_0561.avi,2015,9,26,2,55,36,6000
a0f66459_6_0562.avi,2015,9,26,2,57,36,237000
a0f66459_6_0563.avi,2015,9,26,2,59,35,357000
a0f66459_6_0564.avi,2015,9,26,3,1,35,644000
a0f66459_6_0565.avi,2015,9,26,3,3,34,763000
a0f66459_6_0566.avi,2015,9,26,3,5,35,50000
a0f66459_6_0567.avi,2015,9,26,3,7,35,270000
a0f66459_6_0568.avi,2015,9,26,3,9,36,569000
a0f66459_6_0569.avi,2015,9,26,3,11,35,687000
a0f66459_6_0570.avi,2015,9,26,3,13,35,675000
a0f66459_6_0571.avi,2015,9,26,3,15,36,696000
a0f66459_6_0572.avi,2015,9,26,3,17,35,481000
a0f66459_6_0573.avi,2015,9,26,3,19,35,568000
a0f66459_6_0574.avi,2015,9,26,3,21,36,632000
a0f66459_6_0575.avi,2015,9,26,3,23,35,451000
a0f66459_6_0576.avi,2015,9,26,3,25,35,403000
a0f66459_6_0577.avi,2015,9,26,3,27,35,358000
a0f66459_6_0578.avi,2015,9,26,3,29,36,512000
a0f66459_6_0579.avi,2015,9,26,3,31,36,543000
a0f66459_6_0580.avi,2015,9,26,3,33,37,664000
a0f66459_6_0581.avi,2015,9,26,3,35,35,415000
a0f66459_6_0582.avi,2015,9,26,3,37,35,468000
a0f66459_6_0583.avi,2015,9,26,3,39,35,554000
a0f66459_6_0584.avi,2015,9,26,3,41,35,679000
a0f66459_6_0585.avi,2015,9,26,3,43,35,672000
a0f66459_6_0586.avi,2015,9,26,3,45,35,658000
a0f66459_6_0587.avi,2015,9,26,3,47,35,678000
a0f66459_6_0588.avi,2015,9,26,3,49,35,665000
a0f66459_6_0589.avi,2015,9,26,3,51,35,651000
a0f66459_6_0590.avi,2015,9,26,3,53,35,683000
a0f66459_6_0591.avi,2015,9,26,3,55,35,668000
a0f66459_6_0592.avi,2015,9,26,3,57,36,856000
a0f66459_6_0593.avi,2015,9,26,3,59,35,809000
a0f66459_6_0594.avi,2015,9,26,4,1,35,762000
a0f66459_6_0595.avi,2015,9,26,4,3,34,681000
a0f66459_6_0596.avi,2015,9,26,4,5,35,313000
a0f66459_6_0597.avi,2015,9,26,4,7,34,699000
a0f66459_6_0598.avi,2015,9,26,4,9,35,218000
a0f66459_6_0599.avi,2015,9,26,4,11,34,672000
a0f66459_6_0600.avi,2015,9,26,4,13,36,494000
a0f66459_6_0601.avi,2015,9,26,4,15,34,822000
a0f66459_6_0602.avi,2015,9,26,4,17,35,409000
a0f66459_6_0603.avi,2015,9,26,4,19,34,829000
a0f66459_6_0604.avi,2015,9,26,4,21,35,382000
a0f66459_6_0605.avi,2015,9,26,4,23,34,835000
a0f66459_6_0606.avi,2015,9,26,4,25,37,725000
a0f66459_6_0607.avi,2015,9,26,4,27,36,84000
a0f66459_6_0608.avi,2015,9,26,4,29,35,537000
a0f66459_6_0609.avi,2015,9,26,4,31,35,56000
a0f66459_6_0610.avi,2015,9,26,4,33,35,677000
a0f66459_6_0611.avi,2015,9,26,4,35,35,163000
a0f66459_6_0612.avi,2015,9,26,4,37,34,627000
a0f66459_6_0613.avi,2015,9,26,4,39,35,246000
a0f66459_6_0614.avi,2015,9,26,4,41,34,792000
a0f66459_6_0615.avi,2015,9,26,4,43,35,446000
a0f66459_6_0616.avi,2015,9,26,4,45,34,932000
a0f66459_6_0617.avi,2015,9,26,4,47,36,720000
a0f66459_6_0618.avi,2015,9,26,4,49,35,24000
a0f66459_6_0619.avi,2015,9,26,4,51,35,812000
a0f66459_6_0620.avi,2015,9,26,4,53,35,264000
a0f66459_6_0621.avi,2015,9,26,4,55,34,817000
a0f66459_6_0622.avi,2015,9,26,4,57,36,706000
a0f66459_6_0623.avi,2015,9,26,4,59,35,34000
a0f66459_6_0624.avi,2015,9,26,5,1,34,520000
a0f66459_6_0625.avi,2015,9,26,5,3,35,107000
a0f66459_6_0626.avi,2015,9,26,5,5,34,894000
a0f66459_6_0627.avi,2015,9,26,5,7,38,951000
a0f66459_6_0628.avi,2015,9,26,5,9,37,336000
a0f66459_6_0629.avi,2015,9,26,5,11,34,664000
a0f66459_6_0630.avi,2015,9,26,5,13,38,121000
a0f66459_6_0631.avi,2015,9,26,5,15,34,738000
a0f66459_6_0632.avi,2015,9,26,5,17,35,358000
a0f66459_6_0633.avi,2015,9,26,5,19,38,681000
a0f66459_6_0634.avi,2015,9,26,5,21,36,676000
a0f66459_6_0635.avi,2015,9,26,5,23,36,396000
a0f66459_6_0636.avi,2015,9,26,5,25,36,481000
a0f66459_6_0637.avi,2015,9,26,5,27,35,435000
a0f66459_6_0638.avi,2015,9,26,5,29,34,954000
a0f66459_6_0639.avi,2015,9,26,5,31,36,309000
a0f66459_6_0640.avi,2015,9,26,5,33,36,473000
a0f66459_6_0641.avi,2015,9,26,5,35,35,559000
a0f66459_6_0642.avi,2015,9,26,5,37,35,812000
a0f66459_6_0643.avi,2015,9,26,5,39,34,664000
a0f66459_6_0644.avi,2015,9,26,5,41,34,545000
a0f66459_6_0645.avi,2015,9,26,5,43,35,515000
a0f66459_6_0646.avi,2015,9,26,5,45,35,268000
a0f66459_6_0647.avi,2015,9,26,5,47,34,955000
a0f66459_6_0648.avi,2015,9,26,5,49,35,875000
a0f66459_6_0649.avi,2015,9,26,5,51,35,28000
a0f66459_6_0650.avi,2015,9,26,5,53,34,581000
a0f66459_6_0651.avi,2015,9,26,5,55,35,112000
a0f66459_6_0652.avi,2015,9,26,5,57,34,465000
a0f66459_6_0653.avi,2015,9,26,5,59,37,521000
a0f66459_6_0654.avi,2015,9,26,6,1,34,671000
a0f66459_6_0655.avi,2015,9,26,6,3,36,160000
a0f66459_6_0656.avi,2015,9,26,6,5,36,458000
a0f66459_6_0657.avi,2015,9,26,6,7,34,542000
a0f66459_6_0658.avi,2015,9,26,6,9,35,63000
a0f66459_6_0659.avi,2015,9,26,6,11,34,449000
a0f66459_6_0660.avi,2015,9,26,6,13,36,104000
a0f66459_6_0661.avi,2015,9,26,6,15,35,489000
a0f66459_6_0662.avi,2015,9,26,6,17,34,752000
a0f66459_6_0663.avi,2015,9,26,6,19,35,206000
a0f66459_6_0664.avi,2015,9,26,6,21,34,625000
a0f66459_6_0665.avi,2015,9,26,6,23,35,146000
a0f66459_6_0666.avi,2015,9,26,6,25,34,432000
a0f66459_6_0667.avi,2015,9,26,6,27,35,794000
a0f66459_6_0668.avi,2015,9,26,6,29,36,14000
a0f66459_6_0669.avi,2015,9,26,6,31,35,66000
a0f66459_6_0670.avi,2015,9,26,6,33,35,286000
a0f66459_6_0671.avi,2015,9,26,6,35,34,572000
a0f66459_6_0672.avi,2015,9,26,6,37,35,93000
a0f66459_6_0673.avi,2015,9,26,6,39,35,291000
a0f66459_6_0674.avi,2015,9,26,6,41,35,526000
a0f66459_6_0675.avi,2015,9,26,6,43,34,712000
a0f66459_6_0676.avi,2015,9,26,6,45,34,899000
a0f66459_6_0677.avi,2015,9,26,6,47,34,451000
a0f66459_6_0678.avi,2015,9,26,6,49,35,33000
a0f66459_6_0679.avi,2015,9,26,6,51,35,387000
a0f66459_6_0680.avi,2015,9,26,6,53,34,439000
a0f66459_6_0681.avi,2015,9,26,6,55,35,327000
a0f66459_6_0682.avi,2015,9,26,6,57,34,512000
a0f66459_6_0683.avi,2015,9,26,6,59,34,966000
a0f66459_6_0684.avi,2015,9,26,7,1,34,331000
a0f66459_6_0685.avi,2015,9,26,7,3,35,352000
a0f66459_6_0686.avi,2015,9,26,7,5,34,705000
a0f66459_6_0687.avi,2015,9,26,7,7,36,26000
a0f66459_6_0688.avi,2015,9,26,7,9,35,211000
a0f66459_6_0689.avi,2015,9,26,7,11,35,176000
a0f66459_6_0690.avi,2015,9,26,7,13,37,465000
a0f66459_6_0691.avi,2015,9,26,7,15,35,216000
a0f66459_6_0692.avi,2015,9,26,7,17,34,268000
a0f66459_6_0693.avi,2015,9,26,7,19,34,255000
a0f66459_6_0694.avi,2015,9,26,7,21,35,75000
a0f66459_6_0695.avi,2015,9,26,7,23,35,207000
a0f66459_6_0696.avi,2015,9,26,7,25,34,326000
a0f66459_6_0697.avi,2015,9,26,7,27,34,446000
a0f66459_6_0698.avi,2015,9,26,7,29,34,566000
a0f66459_6_0699.avi,2015,9,26,7,31,34,686000
a0f66459_6_0700.avi,2015,9,26,7,33,34,783000
a0f66459_6_0701.avi,2015,9,26,7,35,34,903000
a0f66459_6_0702.avi,2015,9,26,7,37,35,23000
a0f66459_6_0703.avi,2015,9,26,7,39,36,144000
a0f66459_6_0704.avi,2015,9,26,7,41,34,287000
a0f66459_6_0705.avi,2015,9,26,7,43,34,674000
a0f66459_6_0706.avi,2015,9,26,7,45,34,847000
a0f66459_6_0707.avi,2015,9,26,7,47,34,733000
a0f66459_6_0708.avi,2015,9,26,7,49,34,686000
a0f66459_6_0709.avi,2015,9,26,7,51,36,41000
a0f66459_6_0710.avi,2015,9,26,7,53,34,626000
a0f66459_6_0711.avi,2015,9,26,7,55,34,558000
a0f66459_6_0712.avi,2015,9,26,7,57,34,611000
a0f66459_6_0713.avi,2015,9,26,7,58,24,431000
a0f66459_7_0000.avi,2015,9,26,8,0,21,238000
a0f66459_7_0001.avi,2015,9,26,8,1,16,715000
a0f66459_7_0002.avi,2015,9,26,8,3,17,293000
a0f66459_7_0003.avi,2015,9,26,8,5,17,546000
a0f66459_7_0004.avi,2015,9,26,8,7,16,765000
a0f66459_7_0005.avi,2015,9,26,8,9,17,118000
a0f66459_7_0006.avi,2015,9,26,8,11,16,704000
a0f66459_7_0007.avi,2015,9,26,8,13,16,736000
a0f66459_7_0008.avi,2015,9,26,8,15,17,990000
a0f66459_7_0009.avi,2015,9,26,8,17,16,676000
a0f66459_7_0010.avi,2015,9,26,8,19,16,462000
a0f66459_7_0011.avi,2015,9,26,8,21,17,216000
a0f66459_7_0012.avi,2015,9,26,8,23,17,281000
a0f66459_7_0013.avi,2015,9,26,8,25,18,135000
a0f66459_7_0014.avi,2015,9,26,8,27,19,123000
a0f66459_7_0015.avi,2015,9,26,8,29,17,241000
a0f66459_7_0016.avi,2015,9,26,8,31,17,328000
a0f66459_7_0017.avi,2015,9,26,8,33,17,48000
a0f66459_7_0018.avi,2015,9,26,8,35,17,845000
a0f66459_7_0019.avi,2015,9,26,8,37,17,731000
a0f66459_7_0020.avi,2015,9,26,8,39,16,483000
a0f66459_7_0021.avi,2015,9,26,8,41,25,943000
a0f66459_7_0022.avi,2015,9,26,8,43,17,420000
a0f66459_7_0023.avi,2015,9,26,8,45,24,963000
a0f66459_7_0024.avi,2015,9,26,8,47,17,276000
a0f66459_7_0025.avi,2015,9,26,8,49,17,229000
a0f66459_7_0026.avi,2015,9,26,8,51,16,447000
a0f66459_7_0027.avi,2015,9,26,8,53,16,534000
a0f66459_7_0028.avi,2015,9,26,8,55,16,821000
a0f66459_7_0029.avi,2015,9,26,8,57,17,19000
a0f66459_7_0030.avi,2015,9,26,8,59,16,471000
a0f66459_7_0031.avi,2015,9,26,9,1,19,227000
a0f66459_7_0032.avi,2015,9,26,9,3,16,879000
a0f66459_7_0033.avi,2015,9,26,9,5,16,398000
a0f66459_7_0034.avi,2015,9,26,9,7,17,29000
a0f66459_7_0035.avi,2015,9,26,9,9,16,748000
a0f66459_7_0036.avi,2015,9,26,9,11,18,103000
a0f66459_7_0037.avi,2015,9,26,9,13,16,755000
a0f66459_7_0038.avi,2015,9,26,9,15,16,674000
a0f66459_7_0039.avi,2015,9,26,9,17,16,528000
a0f66459_7_0040.avi,2015,9,26,9,19,17,193000
a0f66459_7_0041.avi,2015,9,26,9,21,16,679000
a0f66459_7_0042.avi,2015,9,26,9,23,16,398000
a0f66459_7_0043.avi,2015,9,26,9,25,17,219000
a0f66459_7_0044.avi,2015,9,26,9,27,16,738000
a0f66459_7_0045.avi,2015,9,26,9,29,16,302000
a0f66459_7_0046.avi,2015,9,26,9,31,16,891000
a0f66459_7_0047.avi,2015,9,26,9,33,17,44000
a0f66459_7_0048.avi,2015,9,26,9,35,16,429000
a0f66459_7_0049.avi,2015,9,26,9,37,17,884000
a0f66459_7_0050.avi,2015,9,26,9,39,17,136000
a0f66459_7_0051.avi,2015,9,26,9,41,20,89000
a0f66459_7_0052.avi,2015,9,26,9,43,16,600000
a0f66459_7_0053.avi,2015,9,26,9,45,21,925000
a0f66459_7_0054.avi,2015,9,26,9,47,20,544000
a0f66459_7_0055.avi,2015,9,26,9,49,18,529000
a0f66459_7_0056.avi,2015,9,26,9,51,19,246000
a0f66459_7_0057.avi,2015,9,26,9,53,17,30000
a0f66459_7_0058.avi,2015,9,26,9,55,17,184000
a0f66459_7_0059.avi,2015,9,26,9,57,16,569000
a0f66459_7_0060.avi,2015,9,26,9,59,18,525000
a0f66459_7_0061.avi,2015,9,26,10,1,17,444000
a0f66459_7_0062.avi,2015,9,26,10,3,17,542000
a0f66459_7_0063.avi,2015,9,26,10,5,20,308000
a0f66459_7_0064.avi,2015,9,26,10,7,17,281000
a0f66459_7_0065.avi,2015,9,26,10,9,27,45000
a0f66459_7_0066.avi,2015,9,26,10,11,17,588000
a0f66459_7_0067.avi,2015,9,26,10,13,16,684000
a0f66459_7_0068.avi,2015,9,26,10,15,16,805000
a0f66459_7_0069.avi,2015,9,26,10,17,18,893000
a0f66459_7_0070.avi,2015,9,26,10,19,16,910000
a0f66459_7_0071.avi,2015,9,26,10,21,17,164000
a0f66459_7_0072.avi,2015,9,26,10,23,16,439000
a0f66459_7_0073.avi,2015,9,26,10,25,17,48000
a0f66459_7_0074.avi,2015,9,26,10,27,20,982000
a0f66459_7_0075.avi,2015,9,26,10,29,16,311000
a0f66459_7_0076.avi,2015,9,26,10,31,16,765000
a0f66459_7_0077.avi,2015,9,26,10,33,16,316000
a0f66459_7_0078.avi,2015,9,26,10,35,16,915000
a0f66459_7_0079.avi,2015,9,26,10,37,16,968000
a0f66459_7_0080.avi,2015,9,26,10,39,19,324000
a0f66459_7_0081.avi,2015,9,26,10,41,16,217000
a0f66459_7_0082.avi,2015,9,26,10,43,16,404000
a0f66459_7_0083.avi,2015,9,26,10,45,16,725000
a0f66459_7_0084.avi,2015,9,26,10,47,17,146000
a0f66459_7_0085.avi,2015,9,26,10,49,22,805000
a0f66459_7_0086.avi,2015,9,26,10,51,17,919000
a0f66459_7_0087.avi,2015,9,26,10,53,16,237000
a0f66459_7_0088.avi,2015,9,26,10,55,16,724000
a0f66459_7_0089.avi,2015,9,26,10,57,16,154000
a0f66459_7_0090.avi,2015,9,26,10,59,17,675000
a0f66459_7_0091.avi,2015,9,26,11,1,16,795000
a0f66459_7_0092.avi,2015,9,26,11,3,16,748000
a0f66459_7_0093.avi,2015,9,26,11,5,17,234000
a0f66459_7_0094.avi,2015,9,26,11,7,16,787000
a0f66459_7_0095.avi,2015,9,26,11,9,19,420000
a0f66459_7_0096.avi,2015,9,26,11,11,16,770000
a0f66459_7_0097.avi,2015,9,26,11,13,17,658000
a0f66459_7_0098.avi,2015,9,26,11,15,19,113000
a0f66459_7_0099.avi,2015,9,26,11,17,17,966000
a0f66459_7_0100.avi,2015,9,26,11,19,17,929000
a0f66459_7_0101.avi,2015,9,26,11,21,17,48000
a0f66459_7_0102.avi,2015,9,26,11,23,16,334000
a0f66459_7_0103.avi,2015,9,26,11,25,17,922000
a0f66459_7_0104.avi,2015,9,26,11,27,17,8000
a0f66459_7_0105.avi,2015,9,26,11,29,16,662000
a0f66459_7_0106.avi,2015,9,26,11,31,16,726000
a0f66459_7_0107.avi,2015,9,26,11,33,16,411000
a0f66459_7_0108.avi,2015,9,26,11,35,16,98000
a0f66459_7_0109.avi,2015,9,26,11,37,16,151000
a0f66459_7_0110.avi,2015,9,26,11,39,18,273000
a0f66459_7_0111.avi,2015,9,26,11,41,16,536000
a0f66459_7_0112.avi,2015,9,26,11,43,17,91000
a0f66459_7_0113.avi,2015,9,26,11,45,16,276000
a0f66459_7_0114.avi,2015,9,26,11,47,16,396000
a0f66459_7_0115.avi,2015,9,26,11,49,17,283000
a0f66459_7_0116.avi,2015,9,26,11,51,19,605000
a0f66459_7_0117.avi,2015,9,26,11,53,16,666000
a0f66459_7_0118.avi,2015,9,26,11,55,16,118000
a0f66459_7_0119.avi,2015,9,26,11,57,19,542000
a0f66459_7_0120.avi,2015,9,26,11,59,16,860000
a0f66459_7_0121.avi,2015,9,26,12,1,16,446000
a0f66459_7_0122.avi,2015,9,26,12,3,18,111000
a0f66459_7_0123.avi,2015,9,26,12,5,17,196000
a0f66459_7_0124.avi,2015,9,26,12,7,17,916000
a0f66459_7_0125.avi,2015,9,26,12,9,16,335000
a0f66459_7_0126.avi,2015,9,26,12,11,18,857000
a0f66459_7_0127.avi,2015,9,26,12,13,16,976000
a0f66459_7_0128.avi,2015,9,26,12,15,16,974000
a0f66459_7_0129.avi,2015,9,26,12,17,16,26000
a0f66459_7_0130.avi,2015,9,26,12,19,18,181000
a0f66459_7_0131.avi,2015,9,26,12,21,16,599000
a0f66459_7_0132.avi,2015,9,26,12,23,17,219000
a0f66459_7_0133.avi,2015,9,26,12,25,17,117000
a0f66459_7_0134.avi,2015,9,26,12,27,16,471000
a0f66459_7_0135.avi,2015,9,26,12,29,17,119000
a0f66459_7_0136.avi,2015,9,26,12,31,16,838000
a0f66459_7_0137.avi,2015,9,26,12,33,16,357000
a0f66459_7_0138.avi,2015,9,26,12,35,16,477000
a0f66459_7_0139.avi,2015,9,26,12,37,16,842000
a0f66459_7_0140.avi,2015,9,26,12,39,16,628000
a0f66459_7_0141.avi,2015,9,26,12,41,16,54000
a0f66459_7_0142.avi,2015,9,26,12,43,19,176000
a0f66459_7_0143.avi,2015,9,26,12,45,16,127000
a0f66459_7_0144.avi,2015,9,26,12,47,16,619000
a0f66459_7_0145.avi,2015,9,26,12,49,16,338000
a0f66459_7_0146.avi,2015,9,26,12,51,16,725000
a0f66459_7_0147.avi,2015,9,26,12,53,16,511000
a0f66459_7_0148.avi,2015,9,26,12,55,16,397000
a0f66459_7_0149.avi,2015,9,26,12,57,16,819000
a0f66459_7_0150.avi,2015,9,26,12,59,16,616000
a0f66459_7_0151.avi,2015,9,26,13,1,16,469000
a0f66459_7_0152.avi,2015,9,26,13,3,16,588000
a0f66459_7_0153.avi,2015,9,26,13,5,17,309000
a0f66459_7_0154.avi,2015,9,26,13,7,16,862000
a0f66459_7_0155.avi,2015,9,26,13,9,16,191000
a0f66459_7_0156.avi,2015,9,26,13,11,16,12000
a0f66459_7_0157.avi,2015,9,26,13,13,16,666000
a0f66459_7_0158.avi,2015,9,26,13,15,16,252000
a0f66459_7_0159.avi,2015,9,26,13,17,15,971000
a0f66459_7_0160.avi,2015,9,26,13,19,15,991000
a0f66459_7_0161.avi,2015,9,26,13,21,16,89000
a0f66459_7_0162.avi,2015,9,26,13,23,16,409000
a0f66459_7_0163.avi,2015,9,26,13,25,16,63000
a0f66459_7_0164.avi,2015,9,26,13,27,16,49000
a0f66459_7_0165.avi,2015,9,26,13,29,16,336000
a0f66459_7_0166.avi,2015,9,26,13,31,18,269000
a0f66459_7_0167.avi,2015,9,26,13,33,16,286000
a0f66459_7_0168.avi,2015,9,26,13,35,16,773000
a0f66459_7_0169.avi,2015,9,26,13,37,16,426000
a0f66459_7_0170.avi,2015,9,26,13,39,15,879000
a0f66459_7_0171.avi,2015,9,26,13,41,16,126000
a0f66459_7_0172.avi,2015,9,26,13,43,16,231000
a0f66459_7_0173.avi,2015,9,26,13,45,16,418000
a0f66459_7_0174.avi,2015,9,26,13,47,15,869000
a0f66459_7_0175.avi,2015,9,26,13,49,16,557000
a0f66459_7_0176.avi,2015,9,26,13,51,16,510000
a0f66459_7_0177.avi,2015,9,26,13,53,18,575000
a0f66459_7_0178.avi,2015,9,26,13,55,16,61000
a0f66459_7_0179.avi,2015,9,26,13,57,16,114000
a0f66459_7_0180.avi,2015,9,26,13,59,17,602000
a0f66459_7_0181.avi,2015,9,26,14,1,18,456000
a0f66459_7_0182.avi,2015,9,26,14,3,16,39000
a0f66459_7_0183.avi,2015,9,26,14,5,16,637000
a0f66459_7_0184.avi,2015,9,26,14,7,16,157000
a0f66459_7_0185.avi,2015,9,26,14,9,16,477000
a0f66459_7_0186.avi,2015,9,26,14,11,16,431000
a0f66459_7_0187.avi,2015,9,26,14,13,16,218000
a0f66459_7_0188.avi,2015,9,26,14,15,16,715000
a0f66459_7_0189.avi,2015,9,26,14,17,15,766000
a0f66459_7_0190.avi,2015,9,26,14,19,18,189000
a0f66459_7_0191.avi,2015,9,26,14,21,16,740000
a0f66459_7_0192.avi,2015,9,26,14,23,16,493000
a0f66459_7_0193.avi,2015,9,26,14,25,16,648000
a0f66459_7_0194.avi,2015,9,26,14,27,17,447000
a0f66459_7_0195.avi,2015,9,26,14,29,18,268000
a0f66459_7_0196.avi,2015,9,26,14,31,18,388000
a0f66459_7_0197.avi,2015,9,26,14,33,16,673000
a0f66459_7_0198.avi,2015,9,26,14,35,17,227000
a0f66459_7_0199.avi,2015,9,26,14,37,16,924000
a0f66459_7_0200.avi,2015,9,26,14,39,16,444000
a0f66459_7_0201.avi,2015,9,26,14,41,16,381000
a0f66459_7_0202.avi,2015,9,26,14,43,16,701000
a0f66459_7_0203.avi,2015,9,26,14,45,17,722000
a0f66459_7_0204.avi,2015,9,26,14,47,16,541000
a0f66459_7_0205.avi,2015,9,26,14,49,15,685000
a0f66459_7_0206.avi,2015,9,26,14,51,15,805000
a0f66459_7_0207.avi,2015,9,26,14,53,17,360000
a0f66459_7_0208.avi,2015,9,26,14,55,15,779000
a0f66459_7_0209.avi,2015,9,26,14,57,16,400000
a0f66459_7_0210.avi,2015,9,26,14,59,16,31000
a0f66459_7_0211.avi,2015,9,26,15,1,18,53000
a0f66459_7_0212.avi,2015,9,26,15,3,16,737000
a0f66459_7_0213.avi,2015,9,26,15,5,16,523000
a0f66459_7_0214.avi,2015,9,26,15,7,21,381000
a0f66459_7_0215.avi,2015,9,26,15,9,15,830000
a0f66459_7_0216.avi,2015,9,26,15,11,15,693000
a0f66459_7_0217.avi,2015,9,26,15,13,16,47000
a0f66459_7_0218.avi,2015,9,26,15,15,15,967000
a0f66459_7_0219.avi,2015,9,26,15,17,16,119000
a0f66459_7_0220.avi,2015,9,26,15,19,15,605000
a0f66459_7_0221.avi,2015,9,26,15,21,15,836000
a0f66459_7_0222.avi,2015,9,26,15,23,17,90000
a0f66459_7_0223.avi,2015,9,26,15,25,16,477000
a0f66459_7_0224.avi,2015,9,26,15,27,18,65000
a0f66459_7_0225.avi,2015,9,26,15,29,16,483000
a0f66459_7_0226.avi,2015,9,26,15,31,19,773000
a0f66459_7_0227.avi,2015,9,26,15,33,16,168000
a0f66459_7_0228.avi,2015,9,26,15,35,15,720000
a0f66459_7_0229.avi,2015,9,26,15,37,16,207000
a0f66459_7_0230.avi,2015,9,26,15,39,16,529000
a0f66459_7_0231.avi,2015,9,26,15,41,16,770000
a0f66459_7_0232.avi,2015,9,26,15,43,15,778000
a0f66459_7_0233.avi,2015,9,26,15,45,17,399000
a0f66459_7_0234.avi,2015,9,26,15,47,16,17000
a0f66459_7_0235.avi,2015,9,26,15,49,16,170000
a0f66459_7_0236.avi,2015,9,26,15,51,16,657000
a0f66459_7_0237.avi,2015,9,26,15,53,15,944000
a0f66459_7_0238.avi,2015,9,26,15,55,16,209000
a0f66459_7_0239.avi,2015,9,26,15,57,15,662000
a0f66459_7_0240.avi,2015,9,26,15,59,17,317000
a0f66459_7_0241.avi,2015,9,26,16,1,15,734000
a0f66459_7_0242.avi,2015,9,26,16,3,15,854000
a0f66459_7_0243.avi,2015,9,26,16,5,17,419000
a0f66459_7_0244.avi,2015,9,26,16,7,16,572000
a0f66459_7_0245.avi,2015,9,26,16,9,16,459000
a0f66459_7_0246.avi,2015,9,26,16,11,15,511000
a0f66459_7_0247.avi,2015,9,26,16,13,16,365000
a0f66459_7_0248.avi,2015,9,26,16,15,17,419000
a0f66459_7_0249.avi,2015,9,26,16,17,16,81000
a0f66459_7_0250.avi,2015,9,26,16,19,16,100000
a0f66459_7_0251.avi,2015,9,26,16,21,18,89000
a0f66459_7_0252.avi,2015,9,26,16,23,18,277000
a0f66459_7_0253.avi,2015,9,26,16,25,16,295000
a0f66459_7_0254.avi,2015,9,26,16,27,16,160000
a0f66459_7_0255.avi,2015,9,26,16,29,17,848000
a0f66459_7_0256.avi,2015,9,26,16,31,16,499000
a0f66459_7_0257.avi,2015,9,26,16,33,15,516000
a0f66459_7_0258.avi,2015,9,26,16,35,18,539000
a0f66459_7_0259.avi,2015,9,26,16,37,16,225000
a0f66459_7_0260.avi,2015,9,26,16,39,17,790000
a0f66459_7_0261.avi,2015,9,26,16,41,16,241000
a0f66459_7_0262.avi,2015,9,26,16,43,15,828000
a0f66459_7_0263.avi,2015,9,26,16,45,17,549000
a0f66459_7_0264.avi,2015,9,26,16,47,16,100000
a0f66459_7_0265.avi,2015,9,26,16,49,15,964000
a0f66459_7_0266.avi,2015,9,26,16,51,16,219000
a0f66459_7_0267.avi,2015,9,26,16,53,15,471000
a0f66459_7_0268.avi,2015,9,26,16,55,16,192000
a0f66459_7_0269.avi,2015,9,26,16,57,15,845000
a0f66459_7_0270.avi,2015,9,26,16,59,17,266000
a0f66459_7_0271.avi,2015,9,26,17,1,16,762000
a0f66459_7_0272.avi,2015,9,26,17,3,15,880000
a0f66459_7_0273.avi,2015,9,26,17,5,15,867000
a0f66459_7_0274.avi,2015,9,26,17,7,15,821000
a0f66459_7_0275.avi,2015,9,26,17,9,16,809000
a0f66459_7_0276.avi,2015,9,26,17,11,15,404000
a0f66459_7_0277.avi,2015,9,26,17,13,17,826000
a0f66459_7_0278.avi,2015,9,26,17,15,15,511000
a0f66459_7_0279.avi,2015,9,26,17,17,15,897000
a0f66459_7_0280.avi,2015,9,26,17,19,17,551000
a0f66459_7_0281.avi,2015,9,26,17,21,16,138000
a0f66459_7_0282.avi,2015,9,26,17,23,15,735000
a0f66459_7_0283.avi,2015,9,26,17,25,16,222000
a0f66459_7_0284.avi,2015,9,26,17,27,15,641000
a0f66459_7_0285.avi,2015,9,26,17,29,15,561000
a0f66459_7_0286.avi,2015,9,26,17,31,15,580000
a0f66459_7_0287.avi,2015,9,26,17,33,16,367000
a0f66459_7_0288.avi,2015,9,26,17,35,16,266000
a0f66459_7_0289.avi,2015,9,26,17,37,15,385000
a0f66459_7_0290.avi,2015,9,26,17,39,20,77000
a0f66459_7_0291.avi,2015,9,26,17,41,16,81000
a0f66459_7_0292.avi,2015,9,26,17,43,15,401000
a0f66459_7_0293.avi,2015,9,26,17,45,15,609000
a0f66459_7_0294.avi,2015,9,26,17,47,16,262000
a0f66459_7_0295.avi,2015,9,26,17,49,16,148000
a0f66459_7_0296.avi,2015,9,26,17,51,15,802000
a0f66459_7_0297.avi,2015,9,26,17,53,15,622000
a0f66459_7_0298.avi,2015,9,26,17,55,15,808000
a0f66459_7_0299.avi,2015,9,26,17,57,20,945000
a0f66459_7_0300.avi,2015,9,26,17,59,17,761000
a0f66459_7_0301.avi,2015,9,26,18,1,15,445000
a0f66459_7_0302.avi,2015,9,26,18,3,17,700000
a0f66459_7_0303.avi,2015,9,26,18,5,15,419000
a0f66459_7_0304.avi,2015,9,26,18,7,16,717000
a0f66459_7_0305.avi,2015,9,26,18,9,16,170000
a0f66459_7_0306.avi,2015,9,26,18,11,15,923000
a0f66459_7_0307.avi,2015,9,26,18,13,15,942000
a0f66459_7_0308.avi,2015,9,26,18,15,16,163000
a0f66459_7_0309.avi,2015,9,26,18,17,15,247000
a0f66459_7_0310.avi,2015,9,26,18,19,15,378000
a0f66459_7_0311.avi,2015,9,26,18,21,16,99000
a0f66459_7_0312.avi,2015,9,26,18,23,15,318000
a0f66459_7_0313.avi,2015,9,26,18,25,15,371000
a0f66459_7_0314.avi,2015,9,26,18,27,15,558000
a0f66459_7_0315.avi,2015,9,26,18,29,16,458000
a0f66459_7_0316.avi,2015,9,26,18,31,17,211000
a0f66459_7_0317.avi,2015,9,26,18,33,15,829000
a0f66459_7_0318.avi,2015,9,26,18,35,16,17000
a0f66459_7_0319.avi,2015,9,26,18,37,17,605000
a0f66459_7_0320.avi,2015,9,26,18,39,18,593000
a0f66459_7_0321.avi,2015,9,26,18,41,16,182000
a0f66459_7_0322.avi,2015,9,26,18,43,15,602000
a0f66459_7_0323.avi,2015,9,26,18,45,15,487000
a0f66459_7_0324.avi,2015,9,26,18,47,15,240000
a0f66459_7_0325.avi,2015,9,26,18,49,16,829000
a0f66459_7_0326.avi,2015,9,26,18,51,15,330000
a0f66459_7_0327.avi,2015,9,26,18,53,15,716000
a0f66459_7_0328.avi,2015,9,26,18,55,17,672000
a0f66459_7_0329.avi,2015,9,26,18,57,15,222000
a0f66459_7_0330.avi,2015,9,26,18,59,16,210000
a0f66459_7_0331.avi,2015,9,26,19,1,15,261000
a0f66459_7_0332.avi,2015,9,26,19,3,16,228000
a0f66459_7_0333.avi,2015,9,26,19,5,15,447000
a0f66459_7_0334.avi,2015,9,26,19,7,16,101000
a0f66459_7_0335.avi,2015,9,26,19,9,15,320000
a0f66459_7_0336.avi,2015,9,26,19,11,15,907000
a0f66459_7_0337.avi,2015,9,26,19,13,15,770000
a0f66459_7_0338.avi,2015,9,26,19,15,15,989000
a0f66459_7_0339.avi,2015,9,26,19,17,15,976000
a0f66459_7_0340.avi,2015,9,26,19,19,15,763000
a0f66459_7_0341.avi,2015,9,26,19,21,15,516000
a0f66459_7_0342.avi,2015,9,26,19,23,16,3000
a0f66459_7_0343.avi,2015,9,26,19,25,15,500000
a0f66459_7_0344.avi,2015,9,26,19,27,15,353000
a0f66459_7_0345.avi,2015,9,26,19,29,15,305000
a0f66459_7_0346.avi,2015,9,26,19,31,15,325000
a0f66459_7_0347.avi,2015,9,26,19,33,15,913000
a0f66459_7_0348.avi,2015,9,26,19,35,15,410000
a0f66459_7_0349.avi,2015,9,26,19,37,15,764000
a0f66459_7_0350.avi,2015,9,26,19,39,16,118000
a0f66459_7_0351.avi,2015,9,26,19,41,15,615000
a0f66459_7_0352.avi,2015,9,26,19,43,15,134000
a0f66459_7_0353.avi,2015,9,26,19,45,15,754000
a0f66459_7_0354.avi,2015,9,26,19,47,18,444000
a0f66459_7_0355.avi,2015,9,26,19,49,15,628000
a0f66459_7_0356.avi,2015,9,26,19,51,15,381000
a0f66459_7_0357.avi,2015,9,26,19,53,16,201000
a0f66459_7_0358.avi,2015,9,26,19,55,16,855000
a0f66459_7_0359.avi,2015,9,26,19,57,15,718000
a0f66459_7_0360.avi,2015,9,26,19,59,15,537000
a0f66459_7_0361.avi,2015,9,26,20,1,16,526000
a0f66459_7_0362.avi,2015,9,26,20,3,17,915000
a0f66459_7_0363.avi,2015,9,26,20,5,16,834000
a0f66459_7_0364.avi,2015,9,26,20,7,16,920000
a0f66459_7_0365.avi,2015,9,26,20,9,18,285000
a0f66459_7_0366.avi,2015,9,26,20,11,16,337000
a0f66459_7_0367.avi,2015,9,26,20,13,16,523000
a0f66459_7_0368.avi,2015,9,26,20,15,16,710000
a0f66459_7_0369.avi,2015,9,26,20,17,16,830000
a0f66459_7_0370.avi,2015,9,26,20,19,16,961000
a0f66459_7_0371.avi,2015,9,26,20,21,16,915000
a0f66459_7_0372.avi,2015,9,26,20,23,17,235000
a0f66459_7_0373.avi,2015,9,26,20,25,16,354000
a0f66459_7_0374.avi,2015,9,26,20,27,16,607000
a0f66459_7_0375.avi,2015,9,26,20,29,18,996000
a0f66459_7_0376.avi,2015,9,26,20,31,17,191000
a0f66459_7_0377.avi,2015,9,26,20,33,17,79000
a0f66459_7_0378.avi,2015,9,26,20,35,18,734000
a0f66459_7_0379.avi,2015,9,26,20,37,16,918000
a0f66459_7_0380.avi,2015,9,26,20,39,16,271000
a0f66459_7_0381.avi,2015,9,26,20,41,17,863000
a0f66459_7_0382.avi,2015,9,26,20,43,17,216000
a0f66459_7_0383.avi,2015,9,26,20,45,16,569000
a0f66459_7_0384.avi,2015,9,26,20,47,16,989000
a0f66459_7_0385.avi,2015,9,26,20,49,16,208000
a0f66459_7_0386.avi,2015,9,26,20,51,16,228000
a0f66459_7_0387.avi,2015,9,26,20,53,17,32000
a0f66459_7_0388.avi,2015,9,26,20,55,19,855000
a0f66459_7_0389.avi,2015,9,26,20,57,19,375000
a0f66459_7_0390.avi,2015,9,26,20,59,22,331000
a0f66459_7_0391.avi,2015,9,26,21,1,16,478000
a0f66459_7_0392.avi,2015,9,26,21,3,17,76000
a0f66459_7_0393.avi,2015,9,26,21,5,16,729000
a0f66459_7_0394.avi,2015,9,26,21,7,18,517000
a0f66459_7_0395.avi,2015,9,26,21,9,17,35000
a0f66459_7_0396.avi,2015,9,26,21,11,17,22000
a0f66459_7_0397.avi,2015,9,26,21,13,17,208000
a0f66459_7_0398.avi,2015,9,26,21,15,16,837000
a0f66459_7_0399.avi,2015,9,26,21,17,19,361000
a0f66459_7_0400.avi,2015,9,26,21,19,21,81000
a0f66459_7_0401.avi,2015,9,26,21,21,17,132000
a0f66459_7_0402.avi,2015,9,26,21,23,16,384000
a0f66459_7_0403.avi,2015,9,26,21,25,16,816000
a0f66459_7_0404.avi,2015,9,26,21,27,16,669000
a0f66459_7_0405.avi,2015,9,26,21,29,17,356000
a0f66459_7_0406.avi,2015,9,26,21,31,16,942000
a0f66459_7_0407.avi,2015,9,26,21,33,17,730000
a0f66459_7_0408.avi,2015,9,26,21,35,16,348000
a0f66459_7_0409.avi,2015,9,26,21,37,19,215000
a0f66459_7_0410.avi,2015,9,26,21,39,17,867000
a0f66459_7_0411.avi,2015,9,26,21,41,16,545000
a0f66459_7_0412.avi,2015,9,26,21,43,18,467000
a0f66459_7_0413.avi,2015,9,26,21,45,19,421000
a0f66459_7_0414.avi,2015,9,26,21,47,17,891000
a0f66459_7_0415.avi,2015,9,26,21,49,16,409000
a0f66459_7_0416.avi,2015,9,26,21,51,19,532000
a0f66459_7_0417.avi,2015,9,26,21,53,18,584000
a0f66459_7_0418.avi,2015,9,26,21,55,16,202000
a0f66459_7_0419.avi,2015,9,26,21,57,17,990000
a0f66459_7_0420.avi,2015,9,26,21,59,17,487000
a0f66459_7_0421.avi,2015,9,26,22,1,19,190000
a0f66459_7_0422.avi,2015,9,26,22,3,16,426000
a0f66459_7_0423.avi,2015,9,26,22,5,19,349000
a0f66459_7_0424.avi,2015,9,26,22,7,19,936000
a0f66459_7_0425.avi,2015,9,26,22,9,18,198000
a0f66459_7_0426.avi,2015,9,26,22,11,16,22000
a0f66459_7_0427.avi,2015,9,26,22,13,17,276000
a0f66459_7_0428.avi,2015,9,26,22,15,16,295000
a0f66459_7_0429.avi,2015,9,26,22,17,18,551000
a0f66459_7_0430.avi,2015,9,26,22,19,16,368000
a0f66459_7_0431.avi,2015,9,26,22,21,16,66000
a0f66459_7_0432.avi,2015,9,26,22,23,17,687000
a0f66459_7_0433.avi,2015,9,26,22,25,18,241000
a0f66459_7_0434.avi,2015,9,26,22,27,16,926000
a0f66459_7_0435.avi,2015,9,26,22,29,16,881000
a0f66459_7_0436.avi,2015,9,26,22,31,16,777000
a0f66459_7_0437.avi,2015,9,26,22,33,16,464000
a0f66459_7_0438.avi,2015,9,26,22,35,16,851000
a0f66459_7_0439.avi,2015,9,26,22,37,16,170000
a0f66459_7_0440.avi,2015,9,26,22,39,21,61000
a0f66459_7_0441.avi,2015,9,26,22,41,18,363000
a0f66459_7_0442.avi,2015,9,26,22,43,18,275000
a0f66459_7_0443.avi,2015,9,26,22,45,15,959000
a0f66459_7_0444.avi,2015,9,26,22,47,19,216000
a0f66459_7_0445.avi,2015,9,26,22,49,16,867000
a0f66459_7_0446.avi,2015,9,26,22,51,17,454000
a0f66459_7_0447.avi,2015,9,26,22,53,18,953000
a0f66459_7_0448.avi,2015,9,26,22,55,19,540000
a0f66459_7_0449.avi,2015,9,26,22,57,16,724000
a0f66459_7_0450.avi,2015,9,26,22,59,20,381000
a0f66459_7_0451.avi,2015,9,26,23,1,21,535000
a0f66459_7_0452.avi,2015,9,26,23,3,16,951000
a0f66459_7_0453.avi,2015,9,26,23,5,16,847000
a0f66459_7_0454.avi,2015,9,26,23,7,16,133000
a0f66459_7_0455.avi,2015,9,26,23,9,15,920000
a0f66459_7_0456.avi,2015,9,26,23,11,16,840000
a0f66459_7_0457.avi,2015,9,26,23,13,16,728000
a0f66459_7_0458.avi,2015,9,26,23,15,20,328000
a0f66459_7_0459.avi,2015,9,26,23,17,18,580000
a0f66459_7_0460.avi,2015,9,26,23,19,18,666000
a0f66459_7_0461.avi,2015,9,26,23,21,16,417000
a0f66459_7_0462.avi,2015,9,26,23,23,16,704000
a0f66459_7_0463.avi,2015,9,26,23,25,18,159000
a0f66459_7_0464.avi,2015,9,26,23,27,17,55000
a0f66459_7_0465.avi,2015,9,26,23,29,16,274000
a0f66459_7_0466.avi,2015,9,26,23,31,16,461000
a0f66459_7_0467.avi,2015,9,26,23,33,16,681000
a0f66459_7_0468.avi,2015,9,26,23,35,15,900000
a0f66459_7_0469.avi,2015,9,26,23,37,17,333000
a0f66459_7_0470.avi,2015,9,26,23,39,18,721000
a0f66459_7_0471.avi,2015,9,26,23,41,16,700000
a0f66459_7_0472.avi,2015,9,26,23,43,15,853000
a0f66459_7_0473.avi,2015,9,26,23,45,19,210000
a0f66459_7_0474.avi,2015,9,26,23,47,16,459000
a0f66459_7_0475.avi,2015,9,26,23,49,15,962000
a0f66459_7_0476.avi,2015,9,26,23,51,17,683000
a0f66459_7_0477.avi,2015,9,26,23,53,16,1000
a0f66459_7_0478.avi,2015,9,26,23,55,17,957000
a0f66459_7_0479.avi,2015,9,26,23,57,18,77000
a0f66459_7_0480.avi,2015,9,26,23,59,16,973000
a0f66459_7_0481.avi,2015,9,27,0,1,16,959000
a0f66459_7_0482.avi,2015,9,27,0,3,16,779000
a0f66459_7_0483.avi,2015,9,27,0,5,15,931000
a0f66459_7_0484.avi,2015,9,27,0,7,17,786000
a0f66459_7_0485.avi,2015,9,27,0,9,18,206000
a0f66459_7_0486.avi,2015,9,27,0,11,16,468000
a0f66459_7_0487.avi,2015,9,27,0,13,16,150000
a0f66459_7_0488.avi,2015,9,27,0,15,16,436000
a0f66459_7_0489.avi,2015,9,27,0,17,17,857000
a0f66459_7_0490.avi,2015,9,27,0,19,17,43000
a0f66459_7_0491.avi,2015,9,27,0,21,16,172000
a0f66459_7_0492.avi,2015,9,27,0,23,17,660000
a0f66459_7_0493.avi,2015,9,27,0,25,16,846000
a0f66459_7_0494.avi,2015,9,27,0,27,17,167000
a0f66459_7_0495.avi,2015,9,27,0,29,16,419000
a0f66459_7_0496.avi,2015,9,27,0,31,16,772000
a0f66459_7_0497.avi,2015,9,27,0,33,16,437000
a0f66459_7_0498.avi,2015,9,27,0,35,16,224000
a0f66459_7_0499.avi,2015,9,27,0,37,16,878000
a0f66459_7_0500.avi,2015,9,27,0,39,16,97000
a0f66459_7_0501.avi,2015,9,27,0,41,17,607000
a0f66459_7_0502.avi,2015,9,27,0,43,17,950000
a0f66459_7_0503.avi,2015,9,27,0,45,16,33000
a0f66459_7_0504.avi,2015,9,27,0,47,17,621000
a0f66459_7_0505.avi,2015,9,27,0,49,17,975000
a0f66459_7_0506.avi,2015,9,27,0,51,16,994000
a0f66459_7_0507.avi,2015,9,27,0,53,18,348000
a0f66459_7_0508.avi,2015,9,27,0,55,16,243000
a0f66459_7_0509.avi,2015,9,27,0,57,16,631000
a0f66459_7_0510.avi,2015,9,27,0,59,15,783000
a0f66459_7_0511.avi,2015,9,27,1,1,17,170000
a0f66459_7_0512.avi,2015,9,27,1,3,16,223000
a0f66459_7_0513.avi,2015,9,27,1,5,16,453000
a0f66459_7_0514.avi,2015,9,27,1,7,15,706000
a0f66459_7_0515.avi,2015,9,27,1,9,17,60000
a0f66459_7_0516.avi,2015,9,27,1,11,17,281000
a0f66459_7_0517.avi,2015,9,27,1,13,16,334000
a0f66459_7_0518.avi,2015,9,27,1,15,16,419000
a0f66459_7_0519.avi,2015,9,27,1,17,16,417000
a0f66459_7_0520.avi,2015,9,27,1,19,18,506000
a0f66459_7_0521.avi,2015,9,27,1,21,16,23000
a0f66459_7_0522.avi,2015,9,27,1,23,16,944000
a0f66459_7_0523.avi,2015,9,27,1,25,16,564000
a0f66459_7_0524.avi,2015,9,27,1,27,16,161000
a0f66459_7_0525.avi,2015,9,27,1,29,15,813000
a0f66459_7_0526.avi,2015,9,27,1,31,16,567000
a0f66459_7_0527.avi,2015,9,27,1,33,16,320000
a0f66459_7_0528.avi,2015,9,27,1,35,17,274000
a0f66459_7_0529.avi,2015,9,27,1,37,15,892000
a0f66459_7_0530.avi,2015,9,27,1,39,16,725000
a0f66459_7_0531.avi,2015,9,27,1,41,17,573000
a0f66459_7_0532.avi,2015,9,27,1,43,16,91000
a0f66459_7_0533.avi,2015,9,27,1,45,16,844000
a0f66459_7_0534.avi,2015,9,27,1,47,16,530000
a0f66459_7_0535.avi,2015,9,27,1,49,16,135000
a0f66459_7_0536.avi,2015,9,27,1,51,15,788000
a0f66459_7_0537.avi,2015,9,27,1,53,16,508000
a0f66459_7_0538.avi,2015,9,27,1,55,16,29000
a0f66459_7_0539.avi,2015,9,27,1,57,16,716000
a0f66459_7_0540.avi,2015,9,27,1,59,16,234000
a0f66459_7_0541.avi,2015,9,27,2,1,15,731000
a0f66459_7_0542.avi,2015,9,27,2,3,16,518000
a0f66459_7_0543.avi,2015,9,27,2,5,16,171000
a0f66459_7_0544.avi,2015,9,27,2,7,16,891000
a0f66459_7_0545.avi,2015,9,27,2,9,16,445000
a0f66459_7_0546.avi,2015,9,27,2,11,19,445000
a0f66459_7_0547.avi,2015,9,27,2,13,15,727000
a0f66459_7_0548.avi,2015,9,27,2,15,17,649000
a0f66459_7_0549.avi,2015,9,27,2,17,16,101000
a0f66459_7_0550.avi,2015,9,27,2,19,17,989000
a0f66459_7_0551.avi,2015,9,27,2,21,16,441000
a0f66459_7_0552.avi,2015,9,27,2,23,17,172000
a0f66459_7_0553.avi,2015,9,27,2,25,15,658000
a0f66459_7_0554.avi,2015,9,27,2,27,16,378000
a0f66459_7_0555.avi,2015,9,27,2,29,15,964000
a0f66459_7_0556.avi,2015,9,27,2,31,15,550000
a0f66459_7_0557.avi,2015,9,27,2,33,16,182000
a0f66459_7_0558.avi,2015,9,27,2,35,15,734000
a0f66459_7_0559.avi,2015,9,27,2,37,17,523000
a0f66459_7_0560.avi,2015,9,27,2,39,17,43000
a0f66459_7_0561.avi,2015,9,27,2,41,15,489000
a0f66459_7_0562.avi,2015,9,27,2,43,16,209000
a0f66459_7_0563.avi,2015,9,27,2,45,15,812000
a0f66459_7_0564.avi,2015,9,27,2,47,16,499000
a0f66459_7_0565.avi,2015,9,27,2,49,16,119000
a0f66459_7_0566.avi,2015,9,27,2,51,15,938000
a0f66459_7_0567.avi,2015,9,27,2,53,15,826000
a0f66459_7_0568.avi,2015,9,27,2,55,15,689000
a0f66459_7_0569.avi,2015,9,27,2,57,15,576000
a0f66459_7_0570.avi,2015,9,27,2,59,17,698000
a0f66459_7_0571.avi,2015,9,27,3,1,16,482000
a0f66459_7_0572.avi,2015,9,27,3,3,16,402000
a0f66459_7_0573.avi,2015,9,27,3,5,17,456000
a0f66459_7_0574.avi,2015,9,27,3,7,16,185000
a0f66459_7_0575.avi,2015,9,27,3,9,17,207000
a0f66459_7_0576.avi,2015,9,27,3,11,17,93000
a0f66459_7_0577.avi,2015,9,27,3,13,16,946000
a0f66459_7_0578.avi,2015,9,27,3,15,16,865000
a0f66459_7_0579.avi,2015,9,27,3,17,15,595000
a0f66459_7_0580.avi,2015,9,27,3,19,17,116000
a0f66459_7_0581.avi,2015,9,27,3,21,15,802000
a0f66459_7_0582.avi,2015,9,27,3,23,15,556000
a0f66459_7_0583.avi,2015,9,27,3,25,16,443000
a0f66459_7_0584.avi,2015,9,27,3,27,16,229000
a0f66459_7_0585.avi,2015,9,27,3,29,17,93000
a0f66459_7_0586.avi,2015,9,27,3,31,16,812000
a0f66459_7_0587.avi,2015,9,27,3,33,15,398000
a0f66459_7_0588.avi,2015,9,27,3,35,17,419000
a0f66459_7_0589.avi,2015,9,27,3,37,17,139000
a0f66459_7_0590.avi,2015,9,27,3,39,16,805000
a0f66459_7_0591.avi,2015,9,27,3,41,17,596000
a0f66459_7_0592.avi,2015,9,27,3,43,17,282000
a0f66459_7_0593.avi,2015,9,27,3,45,16,967000
a0f66459_7_0594.avi,2015,9,27,3,47,16,654000
a0f66459_7_0595.avi,2015,9,27,3,49,17,474000
a0f66459_7_0596.avi,2015,9,27,3,51,17,168000
a0f66459_7_0597.avi,2015,9,27,3,53,15,687000
a0f66459_7_0598.avi,2015,9,27,3,55,15,373000
a0f66459_7_0599.avi,2015,9,27,3,57,16,194000
a0f66459_7_0600.avi,2015,9,27,3,59,16,46000
a0f66459_7_0601.avi,2015,9,27,4,1,15,743000
a0f66459_7_0602.avi,2015,9,27,4,3,15,429000
a0f66459_7_0603.avi,2015,9,27,4,5,16,283000
a0f66459_7_0604.avi,2015,9,27,4,7,17,137000
a0f66459_7_0605.avi,2015,9,27,4,9,15,656000
a0f66459_7_0606.avi,2015,9,27,4,11,15,435000
a0f66459_7_0607.avi,2015,9,27,4,13,17,469000
a0f66459_7_0608.avi,2015,9,27,4,15,16,53000
a0f66459_7_0609.avi,2015,9,27,4,17,15,739000
a0f66459_7_0610.avi,2015,9,27,4,19,16,593000
a0f66459_7_0611.avi,2015,9,27,4,21,18,582000
a0f66459_7_0612.avi,2015,9,27,4,23,15,977000
a0f66459_7_0613.avi,2015,9,27,4,25,16,798000
a0f66459_7_0614.avi,2015,9,27,4,27,16,484000
a0f66459_7_0615.avi,2015,9,27,4,29,16,169000
a0f66459_7_0616.avi,2015,9,27,4,31,15,855000
a0f66459_7_0617.avi,2015,9,27,4,33,16,676000
a0f66459_7_0618.avi,2015,9,27,4,35,16,341000
a0f66459_7_0619.avi,2015,9,27,4,37,16,796000
a0f66459_7_0620.avi,2015,9,27,4,39,15,715000
a0f66459_7_0621.avi,2015,9,27,4,41,16,636000
a0f66459_7_0622.avi,2015,9,27,4,43,17,223000
a0f66459_7_0623.avi,2015,9,27,4,45,18,720000
a0f66459_7_0624.avi,2015,9,27,4,47,15,870000
a0f66459_7_0625.avi,2015,9,27,4,49,18,393000
a0f66459_7_0626.avi,2015,9,27,4,51,16,779000
a0f66459_7_0627.avi,2015,9,27,4,53,15,998000
a0f66459_7_0628.avi,2015,9,27,4,55,15,250000
a0f66459_7_0629.avi,2015,9,27,4,57,15,614000
a0f66459_7_0630.avi,2015,9,27,4,59,17,136000
a0f66459_7_0631.avi,2015,9,27,5,1,16,388000
a0f66459_7_0632.avi,2015,9,27,5,3,15,607000
a0f66459_7_0633.avi,2015,9,27,5,5,18,196000
a0f66459_7_0634.avi,2015,9,27,5,7,16,215000
a0f66459_7_0635.avi,2015,9,27,5,9,15,378000
a0f66459_7_0636.avi,2015,9,27,5,11,15,665000
a0f66459_7_0637.avi,2015,9,27,5,13,15,984000
a0f66459_7_0638.avi,2015,9,27,5,15,15,170000
a0f66459_7_0639.avi,2015,9,27,5,17,15,523000
a0f66459_7_0640.avi,2015,9,27,5,19,15,821000
a0f66459_7_0641.avi,2015,9,27,5,21,17,310000
a0f66459_7_0642.avi,2015,9,27,5,23,15,327000
a0f66459_7_0643.avi,2015,9,27,5,25,15,648000
a0f66459_7_0644.avi,2015,9,27,5,27,15,967000
a0f66459_7_0645.avi,2015,9,27,5,29,16,320000
a0f66459_7_0646.avi,2015,9,27,5,31,16,619000
a0f66459_7_0647.avi,2015,9,27,5,33,15,804000
a0f66459_7_0648.avi,2015,9,27,5,35,16,126000
a0f66459_7_0649.avi,2015,9,27,5,37,15,345000
a0f66459_7_0650.avi,2015,9,27,5,39,15,698000
a0f66459_7_0651.avi,2015,9,27,5,41,16,23000
a0f66459_7_0652.avi,2015,9,27,5,43,15,208000
a0f66459_7_0653.avi,2015,9,27,5,45,15,561000
a0f66459_7_0654.avi,2015,9,27,5,47,15,915000
a0f66459_7_0655.avi,2015,9,27,5,49,16,268000
a0f66459_7_0656.avi,2015,9,27,5,51,16,623000
a0f66459_7_0657.avi,2015,9,27,5,53,15,793000
a0f66459_7_0658.avi,2015,9,27,5,55,17,282000
a0f66459_7_0659.avi,2015,9,27,5,57,15,365000
a0f66459_7_0660.avi,2015,9,27,5,59,17,988000
a0f66459_7_0661.avi,2015,9,27,6,1,16,39000
a0f66459_7_0662.avi,2015,9,27,6,3,17,504000
a0f66459_7_0663.avi,2015,9,27,6,5,15,556000
a0f66459_7_0664.avi,2015,9,27,6,7,17,478000
a0f66459_7_0665.avi,2015,9,27,6,9,16,106000
a0f66459_7_0666.avi,2015,9,27,6,11,15,826000
a0f66459_7_0667.avi,2015,9,27,6,13,15,578000
a0f66459_7_0668.avi,2015,9,27,6,15,15,241000
a0f66459_7_0669.avi,2015,9,27,6,17,16,128000
a0f66459_7_0670.avi,2015,9,27,6,19,15,849000
a0f66459_7_0671.avi,2015,9,27,6,21,15,535000
a0f66459_7_0672.avi,2015,9,27,6,23,15,288000
a0f66459_7_0673.avi,2015,9,27,6,25,15,19000
a0f66459_7_0674.avi,2015,9,27,6,27,15,872000
a0f66459_7_0675.avi,2015,9,27,6,29,15,592000
a0f66459_7_0676.avi,2015,9,27,6,31,15,345000
a0f66459_7_0677.avi,2015,9,27,6,33,15,99000
a0f66459_7_0678.avi,2015,9,27,6,35,15,986000
a0f66459_7_0679.avi,2015,9,27,6,37,15,716000
a0f66459_7_0680.avi,2015,9,27,6,39,16,670000
a0f66459_7_0681.avi,2015,9,27,6,41,15,436000
a0f66459_7_0682.avi,2015,9,27,6,43,16,523000
a0f66459_7_0683.avi,2015,9,27,6,45,15,508000
a0f66459_7_0684.avi,2015,9,27,6,47,16,895000
a0f66459_7_0685.avi,2015,9,27,6,49,15,614000
a0f66459_7_0686.avi,2015,9,27,6,51,15,734000
a0f66459_7_0687.avi,2015,9,27,6,53,15,20000
a0f66459_7_0688.avi,2015,9,27,6,55,15,874000
a0f66459_7_0689.avi,2015,9,27,6,57,16,60000
a0f66459_7_0690.avi,2015,9,27,6,59,16,458000
a0f66459_7_0691.avi,2015,9,27,7,1,15,144000
a0f66459_7_0692.avi,2015,9,27,7,3,15,131000
a0f66459_7_0693.avi,2015,9,27,7,5,15,985000
a0f66459_7_0694.avi,2015,9,27,7,7,20,176000
a0f66459_7_0695.avi,2015,9,27,7,9,15,335000
a0f66459_7_0696.avi,2015,9,27,7,11,15,153000
a0f66459_7_0697.avi,2015,9,27,7,13,15,40000
a0f66459_7_0698.avi,2015,9,27,7,15,14,993000
a0f66459_7_0699.avi,2015,9,27,7,17,15,314000
a0f66459_7_0700.avi,2015,9,27,7,19,15,901000
a0f66459_7_0701.avi,2015,9,27,7,21,16,700000
a0f66459_7_0702.avi,2015,9,27,7,23,15,752000
a0f66459_7_0703.avi,2015,9,27,7,25,15,739000
a0f66459_7_0704.avi,2015,9,27,7,27,16,325000
a0f66459_7_0705.avi,2015,9,27,7,29,15,577000
a0f66459_7_0706.avi,2015,9,27,7,31,15,342000
a0f66459_7_0707.avi,2015,9,27,7,33,15,296000
a0f66459_7_0708.avi,2015,9,27,7,35,15,116000
a0f66459_7_0709.avi,2015,9,27,7,37,16,303000
a0f66459_7_0710.avi,2015,9,27,7,39,15,22000
a0f66459_7_0711.avi,2015,9,27,7,41,15,803000
a0f66459_7_0712.avi,2015,9,27,7,43,15,406000
a0f66459_7_0713.avi,2015,9,27,7,44,58,393000
a0f66459_8_0000.avi,2015,9,27,7,46,27,53000
a0f66459_8_0001.avi,2015,9,27,7,48,27,220000
a0f66459_8_0002.avi,2015,9,27,7,50,28,441000
a0f66459_8_0003.avi,2015,9,27,7,52,27,727000
a0f66459_8_0004.avi,2015,9,27,7,54,28,114000
a0f66459_8_0005.avi,2015,9,27,7,56,27,265000
a0f66459_8_0006.avi,2015,9,27,7,58,27,597000
a0f66459_8_0007.avi,2015,9,27,8,0,26,983000
a0f66459_8_0008.avi,2015,9,27,8,2,27,671000
a0f66459_8_0009.avi,2015,9,27,8,4,27,457000
a0f66459_8_0010.avi,2015,9,27,8,6,27,310000
a0f66459_8_0011.avi,2015,9,27,8,8,28,665000
a0f66459_8_0012.avi,2015,9,27,8,10,27,427000
a0f66459_8_0013.avi,2015,9,27,8,12,28,314000
a0f66459_8_0014.avi,2015,9,27,8,14,27,266000
a0f66459_8_0015.avi,2015,9,27,8,16,27,387000
a0f66459_8_0016.avi,2015,9,27,8,18,27,607000
a0f66459_8_0017.avi,2015,9,27,8,20,28,105000
a0f66459_8_0018.avi,2015,9,27,8,22,27,658000
a0f66459_8_0019.avi,2015,9,27,8,24,27,78000
a0f66459_8_0020.avi,2015,9,27,8,26,28,666000
a0f66459_8_0021.avi,2015,9,27,8,28,27,383000
a0f66459_8_0022.avi,2015,9,27,8,30,28,404000
a0f66459_8_0023.avi,2015,9,27,8,32,27,102000
a0f66459_8_0024.avi,2015,9,27,8,34,26,988000
a0f66459_8_0025.avi,2015,9,27,8,36,27,642000
a0f66459_8_0026.avi,2015,9,27,8,38,29,497000
a0f66459_8_0027.avi,2015,9,27,8,40,27,247000
a0f66459_8_0028.avi,2015,9,27,8,42,27,111000
a0f66459_8_0029.avi,2015,9,27,8,44,29,233000
a0f66459_8_0030.avi,2015,9,27,8,46,29,319000
a0f66459_8_0031.avi,2015,9,27,8,48,27,4000
a0f66459_8_0032.avi,2015,9,27,8,50,26,857000
a0f66459_8_0033.avi,2015,9,27,8,52,26,744000
a0f66459_8_0034.avi,2015,9,27,8,54,27,676000
a0f66459_8_0035.avi,2015,9,27,8,56,27,796000
a0f66459_8_0036.avi,2015,9,27,8,58,26,952000
a0f66459_8_0037.avi,2015,9,27,9,0,29,236000
a0f66459_8_0038.avi,2015,9,27,9,2,29,457000
a0f66459_8_0039.avi,2015,9,27,9,4,27,686000
a0f66459_8_0040.avi,2015,9,27,9,6,27,940000
a0f66459_8_0041.avi,2015,9,27,9,8,29,294000
a0f66459_8_0042.avi,2015,9,27,9,10,28,613000
a0f66459_8_0043.avi,2015,9,27,9,12,28,31000
a0f66459_8_0044.avi,2015,9,27,9,14,28,485000
a0f66459_8_0045.avi,2015,9,27,9,16,28,117000
a0f66459_8_0046.avi,2015,9,27,9,18,26,687000
a0f66459_8_0047.avi,2015,9,27,9,20,29,329000
a0f66459_8_0048.avi,2015,9,27,9,22,30,82000
a0f66459_8_0049.avi,2015,9,27,9,24,26,762000
a0f66459_8_0050.avi,2015,9,27,9,26,28,292000
a0f66459_8_0051.avi,2015,9,27,9,28,28,746000
a0f66459_8_0052.avi,2015,9,27,9,30,27,547000
a0f66459_8_0053.avi,2015,9,27,9,32,29,234000
a0f66459_8_0054.avi,2015,9,27,9,34,28,660000
a0f66459_8_0055.avi,2015,9,27,9,36,26,911000
a0f66459_8_0056.avi,2015,9,27,9,38,26,810000
a0f66459_8_0057.avi,2015,9,27,9,40,26,829000
a0f66459_8_0058.avi,2015,9,27,9,42,27,354000
a0f66459_8_0059.avi,2015,9,27,9,44,27,974000
a0f66459_8_0060.avi,2015,9,27,9,46,27,495000
a0f66459_8_0061.avi,2015,9,27,9,48,27,487000
a0f66459_8_0062.avi,2015,9,27,9,50,27,73000
a0f66459_8_0063.avi,2015,9,27,9,52,32,732000
a0f66459_8_0064.avi,2015,9,27,9,54,27,914000
a0f66459_8_0065.avi,2015,9,27,9,56,27,332000
a0f66459_8_0066.avi,2015,9,27,9,58,26,786000
a0f66459_8_0067.avi,2015,9,27,10,0,31,521000
a0f66459_8_0068.avi,2015,9,27,10,2,28,439000
a0f66459_8_0069.avi,2015,9,27,10,4,27,224000
a0f66459_8_0070.avi,2015,9,27,10,6,29,613000
a0f66459_8_0071.avi,2015,9,27,10,8,28,231000
a0f66459_8_0072.avi,2015,9,27,10,10,27,326000
a0f66459_8_0073.avi,2015,9,27,10,12,26,545000
a0f66459_8_0074.avi,2015,9,27,10,14,26,733000
a0f66459_8_0075.avi,2015,9,27,10,16,29,389000
a0f66459_8_0076.avi,2015,9,27,10,18,27,207000
a0f66459_8_0077.avi,2015,9,27,10,20,27,127000
a0f66459_8_0078.avi,2015,9,27,10,22,26,756000
a0f66459_8_0079.avi,2015,9,27,10,24,26,943000
a0f66459_8_0080.avi,2015,9,27,10,26,26,695000
a0f66459_8_0081.avi,2015,9,27,10,28,26,583000
a0f66459_8_0082.avi,2015,9,27,10,30,28,571000
a0f66459_8_0083.avi,2015,9,27,10,32,27,402000
a0f66459_8_0084.avi,2015,9,27,10,34,29,424000
a0f66459_8_0085.avi,2015,9,27,10,36,28,476000
a0f66459_8_0086.avi,2015,9,27,10,38,27,95000
a0f66459_8_0087.avi,2015,9,27,10,40,26,647000
a0f66459_8_0088.avi,2015,9,27,10,42,27,330000
a0f66459_8_0089.avi,2015,9,27,10,44,26,965000
a0f66459_8_0090.avi,2015,9,27,10,46,26,885000
a0f66459_8_0091.avi,2015,9,27,10,48,27,372000
a0f66459_8_0092.avi,2015,9,27,10,50,26,524000
a0f66459_8_0093.avi,2015,9,27,10,52,26,510000
a0f66459_8_0094.avi,2015,9,27,10,54,26,842000
a0f66459_8_0095.avi,2015,9,27,10,56,27,895000
a0f66459_8_0096.avi,2015,9,27,10,58,26,982000
a0f66459_8_0097.avi,2015,9,27,11,0,27,369000
a0f66459_8_0098.avi,2015,9,27,11,2,29,191000
a0f66459_8_0099.avi,2015,9,27,11,4,27,342000
a0f66459_8_0100.avi,2015,9,27,11,6,26,538000
a0f66459_8_0101.avi,2015,9,27,11,8,26,791000
a0f66459_8_0102.avi,2015,9,27,11,10,26,977000
a0f66459_8_0103.avi,2015,9,27,11,12,29,199000
a0f66459_8_0104.avi,2015,9,27,11,14,28,486000
a0f66459_8_0105.avi,2015,9,27,11,16,26,782000
a0f66459_8_0106.avi,2015,9,27,11,18,27,136000
a0f66459_8_0107.avi,2015,9,27,11,20,26,388000
a0f66459_8_0108.avi,2015,9,27,11,22,26,842000
a0f66459_8_0109.avi,2015,9,27,11,24,26,661000
a0f66459_8_0110.avi,2015,9,27,11,26,27,715000
a0f66459_8_0111.avi,2015,9,27,11,28,26,979000
a0f66459_8_0112.avi,2015,9,27,11,30,29,401000
a0f66459_8_0113.avi,2015,9,27,11,32,27,352000
a0f66459_8_0114.avi,2015,9,27,11,34,27,806000
a0f66459_8_0115.avi,2015,9,27,11,36,29,127000
a0f66459_8_0116.avi,2015,9,27,11,38,26,356000
a0f66459_8_0117.avi,2015,9,27,11,40,26,742000
a0f66459_8_0118.avi,2015,9,27,11,42,30,295000
a0f66459_8_0119.avi,2015,9,27,11,44,29,814000
a0f66459_8_0120.avi,2015,9,27,11,46,29,501000
a0f66459_8_0121.avi,2015,9,27,11,48,26,651000
a0f66459_8_0122.avi,2015,9,27,11,50,26,920000
a0f66459_8_0123.avi,2015,9,27,11,52,27,173000
a0f66459_8_0124.avi,2015,9,27,11,54,26,425000
a0f66459_8_0125.avi,2015,9,27,11,56,27,713000
a0f66459_8_0126.avi,2015,9,27,11,58,26,966000
a0f66459_8_0127.avi,2015,9,27,12,0,27,297000
a0f66459_8_0128.avi,2015,9,27,12,2,26,582000
a0f66459_8_0129.avi,2015,9,27,12,4,26,803000
a0f66459_8_0130.avi,2015,9,27,12,6,29,91000
a0f66459_8_0131.avi,2015,9,27,12,8,27,376000
a0f66459_8_0132.avi,2015,9,27,12,10,26,529000
a0f66459_8_0133.avi,2015,9,27,12,12,26,393000
a0f66459_8_0134.avi,2015,9,27,12,14,27,514000
a0f66459_8_0135.avi,2015,9,27,12,16,26,800000
a0f66459_8_0136.avi,2015,9,27,12,18,29,255000
a0f66459_8_0137.avi,2015,9,27,12,20,28,808000
a0f66459_8_0138.avi,2015,9,27,12,22,26,269000
a0f66459_8_0139.avi,2015,9,27,12,24,26,355000
a0f66459_8_0140.avi,2015,9,27,12,26,27,544000
a0f66459_8_0141.avi,2015,9,27,12,28,27,497000
a0f66459_8_0142.avi,2015,9,27,12,30,26,482000
a0f66459_8_0143.avi,2015,9,27,12,32,26,836000
a0f66459_8_0144.avi,2015,9,27,12,34,27,201000
a0f66459_8_0145.avi,2015,9,27,12,36,28,122000
a0f66459_8_0146.avi,2015,9,27,12,38,27,74000
a0f66459_8_0147.avi,2015,9,27,12,40,26,226000
a0f66459_8_0148.avi,2015,9,27,12,42,26,522000
a0f66459_8_0149.avi,2015,9,27,12,44,26,377000
a0f66459_8_0150.avi,2015,9,27,12,46,26,297000
a0f66459_8_0151.avi,2015,9,27,12,48,26,417000
a0f66459_8_0152.avi,2015,9,27,12,50,26,571000
a0f66459_8_0153.avi,2015,9,27,12,52,26,591000
a0f66459_8_0154.avi,2015,9,27,12,54,27,645000
a0f66459_8_0155.avi,2015,9,27,12,56,32,581000
a0f66459_8_0156.avi,2015,9,27,12,58,27,195000
a0f66459_8_0157.avi,2015,9,27,13,0,29,217000
a0f66459_8_0158.avi,2015,9,27,13,2,26,701000
a0f66459_8_0159.avi,2015,9,27,13,4,26,321000
a0f66459_8_0160.avi,2015,9,27,13,6,26,418000
a0f66459_8_0161.avi,2015,9,27,13,8,26,538000
a0f66459_8_0162.avi,2015,9,27,13,10,26,691000
a0f66459_8_0163.avi,2015,9,27,13,12,26,578000
a0f66459_8_0164.avi,2015,9,27,13,14,26,531000
a0f66459_8_0165.avi,2015,9,27,13,16,26,351000
a0f66459_8_0166.avi,2015,9,27,13,18,26,214000
a0f66459_8_0167.avi,2015,9,27,13,20,27,268000
a0f66459_8_0168.avi,2015,9,27,13,22,27,155000
a0f66459_8_0169.avi,2015,9,27,13,24,26,207000
a0f66459_8_0170.avi,2015,9,27,13,26,26,894000
a0f66459_8_0171.avi,2015,9,27,13,28,26,191000
a0f66459_8_0172.avi,2015,9,27,13,30,26,778000
a0f66459_8_0173.avi,2015,9,27,13,32,27,833000
a0f66459_8_0174.avi,2015,9,27,13,34,26,585000
a0f66459_8_0175.avi,2015,9,27,13,36,27,479000
a0f66459_8_0176.avi,2015,9,27,13,38,26,764000
a0f66459_8_0177.avi,2015,9,27,13,40,26,929000
a0f66459_8_0178.avi,2015,9,27,13,42,26,675000
a0f66459_8_0179.avi,2015,9,27,13,44,26,762000
a0f66459_8_0180.avi,2015,9,27,13,46,26,615000
a0f66459_8_0181.avi,2015,9,27,13,48,26,768000
a0f66459_8_0182.avi,2015,9,27,13,50,27,774000
a0f66459_8_0183.avi,2015,9,27,13,52,26,126000
a0f66459_8_0184.avi,2015,9,27,13,54,26,179000
a0f66459_8_0185.avi,2015,9,27,13,56,28,969000
a0f66459_8_0186.avi,2015,9,27,13,58,26,386000
a0f66459_8_0187.avi,2015,9,27,14,0,26,806000
a0f66459_8_0188.avi,2015,9,27,14,2,26,202000
a0f66459_8_0189.avi,2015,9,27,14,4,26,756000
a0f66459_8_0190.avi,2015,9,27,14,6,26,676000
a0f66459_8_0191.avi,2015,9,27,14,8,26,362000
a0f66459_8_0192.avi,2015,9,27,14,10,26,716000
a0f66459_8_0193.avi,2015,9,27,14,12,26,281000
a0f66459_8_0194.avi,2015,9,27,14,14,28,702000
a0f66459_8_0195.avi,2015,9,27,14,16,26,920000
a0f66459_8_0196.avi,2015,9,27,14,18,27,274000
a0f66459_8_0197.avi,2015,9,27,14,20,26,560000
a0f66459_8_0198.avi,2015,9,27,14,22,26,947000
a0f66459_8_0199.avi,2015,9,27,14,24,26,910000
a0f66459_8_0200.avi,2015,9,27,14,26,26,897000
a0f66459_8_0201.avi,2015,9,27,14,28,26,983000
a0f66459_8_0202.avi,2015,9,27,14,30,26,770000
a0f66459_8_0203.avi,2015,9,27,14,32,27,390000
a0f66459_8_0204.avi,2015,9,27,14,34,26,753000
a0f66459_8_0205.avi,2015,9,27,14,36,26,172000
a0f66459_8_0206.avi,2015,9,27,14,38,26,626000
a0f66459_8_0207.avi,2015,9,27,14,40,27,46000
a0f66459_8_0208.avi,2015,9,27,14,42,26,388000
a0f66459_8_0209.avi,2015,9,27,14,44,26,942000
a0f66459_8_0210.avi,2015,9,27,14,46,27,419000
a0f66459_8_0211.avi,2015,9,27,14,48,26,805000
a0f66459_8_0212.avi,2015,9,27,14,50,27,292000
a0f66459_8_0213.avi,2015,9,27,14,52,26,679000
a0f66459_8_0214.avi,2015,9,27,14,54,26,864000
a0f66459_8_0215.avi,2015,9,27,14,56,26,194000
a0f66459_8_0216.avi,2015,9,27,14,58,26,247000
a0f66459_8_0217.avi,2015,9,27,15,0,27,869000
a0f66459_8_0218.avi,2015,9,27,15,2,27,989000
a0f66459_8_0219.avi,2015,9,27,15,4,26,40000
a0f66459_8_0220.avi,2015,9,27,15,6,28,195000
a0f66459_8_0221.avi,2015,9,27,15,8,26,860000
a0f66459_8_0222.avi,2015,9,27,15,10,28,80000
a0f66459_8_0223.avi,2015,9,27,15,12,26,832000
a0f66459_8_0224.avi,2015,9,27,15,14,26,585000
a0f66459_8_0225.avi,2015,9,27,15,16,26,404000
a0f66459_8_0226.avi,2015,9,27,15,18,26,57000
a0f66459_8_0227.avi,2015,9,27,15,20,26,354000
a0f66459_8_0228.avi,2015,9,27,15,22,26,409000
a0f66459_8_0229.avi,2015,9,27,15,24,26,294000
a0f66459_8_0230.avi,2015,9,27,15,26,30,618000
a0f66459_8_0231.avi,2015,9,27,15,28,26,34000
a0f66459_8_0232.avi,2015,9,27,15,30,26,297000
a0f66459_8_0233.avi,2015,9,27,15,32,26,317000
a0f66459_8_0234.avi,2015,9,27,15,34,26,304000
a0f66459_8_0235.avi,2015,9,27,15,36,26,58000
a0f66459_8_0236.avi,2015,9,27,15,38,26,711000
a0f66459_8_0237.avi,2015,9,27,15,40,26,297000
a0f66459_8_0238.avi,2015,9,27,15,42,26,502000
a0f66459_8_0239.avi,2015,9,27,15,44,27,589000
a0f66459_8_0240.avi,2015,9,27,15,46,26,475000
a0f66459_8_0241.avi,2015,9,27,15,48,26,528000
a0f66459_8_0242.avi,2015,9,27,15,50,26,381000
a0f66459_8_0243.avi,2015,9,27,15,52,26,1000
a0f66459_8_0244.avi,2015,9,27,15,54,26,554000
a0f66459_8_0245.avi,2015,9,27,15,56,25,873000
a0f66459_8_0246.avi,2015,9,27,15,58,26,593000
a0f66459_8_0247.avi,2015,9,27,16,0,26,46000
a0f66459_8_0248.avi,2015,9,27,16,2,26,833000
a0f66459_8_0249.avi,2015,9,27,16,4,26,564000
a0f66459_8_0250.avi,2015,9,27,16,6,26,18000
a0f66459_8_0251.avi,2015,9,27,16,8,28,540000
a0f66459_8_0252.avi,2015,9,27,16,10,25,857000
a0f66459_8_0253.avi,2015,9,27,16,12,27,478000
a0f66459_8_0254.avi,2015,9,27,16,14,26,374000
a0f66459_8_0255.avi,2015,9,27,16,16,26,127000
a0f66459_8_0256.avi,2015,9,27,16,18,26,280000
a0f66459_8_0257.avi,2015,9,27,16,20,27,501000
a0f66459_8_0258.avi,2015,9,27,16,22,26,421000
a0f66459_8_0259.avi,2015,9,27,16,24,29,411000
a0f66459_8_0260.avi,2015,9,27,16,26,39,183000
a0f66459_8_0261.avi,2015,9,27,16,28,29,126000
a0f66459_8_0262.avi,2015,9,27,16,30,26,76000
a0f66459_8_0263.avi,2015,9,27,16,32,28,198000
a0f66459_8_0264.avi,2015,9,27,16,34,26,250000
a0f66459_8_0265.avi,2015,9,27,16,36,26,449000
a0f66459_8_0266.avi,2015,9,27,16,38,26,601000
a0f66459_8_0267.avi,2015,9,27,16,40,26,354000
a0f66459_8_0268.avi,2015,9,27,16,42,25,754000
a0f66459_8_0269.avi,2015,9,27,16,44,27,609000
a0f66459_8_0270.avi,2015,9,27,16,46,25,794000
a0f66459_8_0271.avi,2015,9,27,16,48,25,744000
a0f66459_8_0272.avi,2015,9,27,16,50,26,299000
a0f66459_8_0273.avi,2015,9,27,16,52,26,419000
a0f66459_8_0274.avi,2015,9,27,16,54,26,71000
a0f66459_8_0275.avi,2015,9,27,16,56,27,25000
a0f66459_8_0276.avi,2015,9,27,16,58,27,123000
a0f66459_8_0277.avi,2015,9,27,17,0,27,43000
a0f66459_8_0278.avi,2015,9,27,17,2,27,196000
a0f66459_8_0279.avi,2015,9,27,17,4,25,882000
a0f66459_8_0280.avi,2015,9,27,17,6,26,670000
a0f66459_8_0281.avi,2015,9,27,17,8,26,222000
a0f66459_8_0282.avi,2015,9,27,17,10,25,685000
a0f66459_8_0283.avi,2015,9,27,17,12,26,205000
a0f66459_8_0284.avi,2015,9,27,17,14,25,724000
a0f66459_8_0285.avi,2015,9,27,17,16,28,480000
a0f66459_8_0286.avi,2015,9,27,17,18,26,365000
a0f66459_8_0287.avi,2015,9,27,17,20,28,565000
a0f66459_8_0288.avi,2015,9,27,17,22,25,682000
a0f66459_8_0289.avi,2015,9,27,17,24,26,402000
a0f66459_8_0290.avi,2015,9,27,17,26,26,256000
a0f66459_8_0291.avi,2015,9,27,17,28,26,609000
a0f66459_8_0292.avi,2015,9,27,17,30,25,928000
a0f66459_8_0293.avi,2015,9,27,17,32,26,92000
a0f66459_8_0294.avi,2015,9,27,17,34,26,246000
a0f66459_8_0295.avi,2015,9,27,17,36,26,633000
a0f66459_8_0296.avi,2015,9,27,17,38,26,85000
a0f66459_8_0297.avi,2015,9,27,17,40,28,74000
a0f66459_8_0298.avi,2015,9,27,17,42,26,203000
a0f66459_8_0299.avi,2015,9,27,17,44,26,491000
a0f66459_8_0300.avi,2015,9,27,17,46,27,778000
a0f66459_8_0301.avi,2015,9,27,17,48,25,797000
a0f66459_8_0302.avi,2015,9,27,17,50,25,951000
a0f66459_8_0303.avi,2015,9,27,17,52,26,505000
a0f66459_8_0304.avi,2015,9,27,17,54,25,634000
a0f66459_8_0305.avi,2015,9,27,17,56,26,354000
a0f66459_8_0306.avi,2015,9,27,17,58,25,907000
a0f66459_8_0307.avi,2015,9,27,18,0,26,494000
a0f66459_8_0308.avi,2015,9,27,18,2,26,181000
a0f66459_8_0309.avi,2015,9,27,18,4,26,746000
a0f66459_8_0310.avi,2015,9,27,18,6,25,998000
a0f66459_8_0311.avi,2015,9,27,18,8,26,217000
a0f66459_8_0312.avi,2015,9,27,18,10,27,205000
a0f66459_8_0313.avi,2015,9,27,18,12,26,491000
a0f66459_8_0314.avi,2015,9,27,18,14,26,544000
a0f66459_8_0315.avi,2015,9,27,18,16,26,541000
a0f66459_8_0316.avi,2015,9,27,18,18,26,862000
a0f66459_8_0317.avi,2015,9,27,18,20,25,881000
a0f66459_8_0318.avi,2015,9,27,18,22,25,933000
a0f66459_8_0319.avi,2015,9,27,18,24,26,487000
a0f66459_8_0320.avi,2015,9,27,18,26,25,684000
a0f66459_8_0321.avi,2015,9,27,18,28,26,338000
a0f66459_8_0322.avi,2015,9,27,18,30,26,491000
a0f66459_8_0323.avi,2015,9,27,18,32,25,978000
a0f66459_8_0324.avi,2015,9,27,18,34,26,198000
a0f66459_8_0325.avi,2015,9,27,18,36,28,87000
a0f66459_8_0326.avi,2015,9,27,18,38,26,148000
a0f66459_8_0327.avi,2015,9,27,18,40,25,634000
a0f66459_8_0328.avi,2015,9,27,18,42,25,879000
a0f66459_8_0329.avi,2015,9,27,18,44,26,199000
a0f66459_8_0330.avi,2015,9,27,18,46,26,319000
a0f66459_8_0331.avi,2015,9,27,18,48,25,860000
a0f66459_8_0332.avi,2015,9,27,18,50,26,447000
a0f66459_8_0333.avi,2015,9,27,18,52,25,465000
a0f66459_8_0334.avi,2015,9,27,18,54,26,486000
a0f66459_8_0335.avi,2015,9,27,18,56,26,773000
a0f66459_8_0336.avi,2015,9,27,18,58,29,595000
a0f66459_8_0337.avi,2015,9,27,19,0,26,890000
a0f66459_8_0338.avi,2015,9,27,19,2,25,543000
a0f66459_8_0339.avi,2015,9,27,19,4,25,696000
a0f66459_8_0340.avi,2015,9,27,19,6,26,83000
a0f66459_8_0341.avi,2015,9,27,19,8,26,68000
a0f66459_8_0342.avi,2015,9,27,19,10,26,165000
a0f66459_8_0343.avi,2015,9,27,19,12,26,986000
a0f66459_8_0344.avi,2015,9,27,19,14,28,741000
a0f66459_8_0345.avi,2015,9,27,19,16,27,59000
a0f66459_8_0346.avi,2015,9,27,19,18,27,714000
a0f66459_8_0347.avi,2015,9,27,19,20,26,633000
a0f66459_8_0348.avi,2015,9,27,19,22,27,565000
a0f66459_8_0349.avi,2015,9,27,19,24,26,16000
a0f66459_8_0350.avi,2015,9,27,19,26,26,2000
a0f66459_8_0351.avi,2015,9,27,19,28,26,56000
a0f66459_8_0352.avi,2015,9,27,19,30,26,342000
a0f66459_8_0353.avi,2015,9,27,19,32,25,840000
a0f66459_8_0354.avi,2015,9,27,19,34,25,559000
a0f66459_8_0355.avi,2015,9,27,19,36,27,548000
a0f66459_8_0356.avi,2015,9,27,19,38,26,203000
a0f66459_8_0357.avi,2015,9,27,19,40,25,456000
a0f66459_8_0358.avi,2015,9,27,19,42,25,596000
a0f66459_8_0359.avi,2015,9,27,19,44,29,545000
a0f66459_8_0360.avi,2015,9,27,19,46,27,582000
a0f66459_8_0361.avi,2015,9,27,19,48,28,50000
a0f66459_8_0362.avi,2015,9,27,19,50,28,404000
a0f66459_8_0363.avi,2015,9,27,19,52,28,123000
a0f66459_8_0364.avi,2015,9,27,19,54,28,219000
a0f66459_8_0365.avi,2015,9,27,19,56,28,306000
a0f66459_8_0366.avi,2015,9,27,19,58,28,359000
a0f66459_8_0367.avi,2015,9,27,20,0,27,345000
a0f66459_8_0368.avi,2015,9,27,20,2,28,600000
a0f66459_8_0369.avi,2015,9,27,20,4,27,819000
a0f66459_8_0370.avi,2015,9,27,20,6,29,185000
a0f66459_8_0371.avi,2015,9,27,20,8,30,506000
a0f66459_8_0372.avi,2015,9,27,20,10,27,656000
a0f66459_8_0373.avi,2015,9,27,20,12,27,842000
a0f66459_8_0374.avi,2015,9,27,20,14,31,232000
a0f66459_8_0375.avi,2015,9,27,20,16,29,261000
a0f66459_8_0376.avi,2015,9,27,20,18,27,280000
a0f66459_8_0377.avi,2015,9,27,20,20,28,534000
a0f66459_8_0378.avi,2015,9,27,20,22,28,287000
a0f66459_8_0379.avi,2015,9,27,20,24,28,172000
a0f66459_8_0380.avi,2015,9,27,20,26,29,394000
a0f66459_8_0381.avi,2015,9,27,20,28,27,656000
a0f66459_8_0382.avi,2015,9,27,20,30,31,313000
a0f66459_8_0383.avi,2015,9,27,20,32,30,466000
a0f66459_8_0384.avi,2015,9,27,20,34,27,350000
a0f66459_8_0385.avi,2015,9,27,20,36,27,403000
a0f66459_8_0386.avi,2015,9,27,20,38,27,599000
a0f66459_8_0387.avi,2015,9,27,20,40,27,686000
a0f66459_8_0388.avi,2015,9,27,20,42,27,696000
a0f66459_8_0389.avi,2015,9,27,20,44,27,816000
a0f66459_8_0390.avi,2015,9,27,20,46,29,70000
a0f66459_8_0391.avi,2015,9,27,20,48,29,191000
a0f66459_8_0392.avi,2015,9,27,20,50,27,498000
a0f66459_8_0393.avi,2015,9,27,20,52,28,885000
a0f66459_8_0394.avi,2015,9,27,20,54,29,605000
a0f66459_8_0395.avi,2015,9,27,20,56,29,458000
a0f66459_8_0396.avi,2015,9,27,20,58,28,243000
a0f66459_8_0397.avi,2015,9,27,21,0,31,945000
a0f66459_8_0398.avi,2015,9,27,21,2,27,895000
a0f66459_8_0399.avi,2015,9,27,21,4,27,281000
a0f66459_8_0400.avi,2015,9,27,21,6,27,968000
a0f66459_8_0401.avi,2015,9,27,21,8,27,453000
a0f66459_8_0402.avi,2015,9,27,21,10,27,974000
a0f66459_8_0403.avi,2015,9,27,21,12,27,437000
a0f66459_8_0404.avi,2015,9,27,21,14,29,225000
a0f66459_8_0405.avi,2015,9,27,21,16,27,544000
a0f66459_8_0406.avi,2015,9,27,21,18,29,233000
a0f66459_8_0407.avi,2015,9,27,21,20,27,384000
a0f66459_8_0408.avi,2015,9,27,21,22,28,983000
a0f66459_8_0409.avi,2015,9,27,21,24,27,166000
a0f66459_8_0410.avi,2015,9,27,21,26,27,653000
a0f66459_8_0411.avi,2015,9,27,21,28,28,74000
a0f66459_8_0412.avi,2015,9,27,21,30,28,328000
a0f66459_8_0413.avi,2015,9,27,21,32,27,414000
a0f66459_8_0414.avi,2015,9,27,21,34,28,919000
a0f66459_8_0415.avi,2015,9,27,21,36,29,306000
a0f66459_8_0416.avi,2015,9,27,21,38,27,256000
a0f66459_8_0417.avi,2015,9,27,21,40,27,476000
a0f66459_8_0418.avi,2015,9,27,21,42,28,793000
a0f66459_8_0419.avi,2015,9,27,21,44,27,895000
a0f66459_8_0420.avi,2015,9,27,21,46,28,15000
a0f66459_8_0421.avi,2015,9,27,21,48,28,135000
a0f66459_8_0422.avi,2015,9,27,21,50,28,322000
a0f66459_8_0423.avi,2015,9,27,21,52,27,506000
a0f66459_8_0424.avi,2015,9,27,21,54,28,961000
a0f66459_8_0425.avi,2015,9,27,21,56,28,90000
a0f66459_8_0426.avi,2015,9,27,21,58,27,577000
a0f66459_8_0427.avi,2015,9,27,22,0,27,998000
a0f66459_8_0428.avi,2015,9,27,22,2,28,318000
a0f66459_8_0429.avi,2015,9,27,22,4,27,570000
a0f66459_8_0430.avi,2015,9,27,22,6,29,70000
a0f66459_8_0431.avi,2015,9,27,22,8,27,154000
a0f66459_8_0432.avi,2015,9,27,22,10,28,642000
a0f66459_8_0433.avi,2015,9,27,22,12,27,727000
a0f66459_8_0434.avi,2015,9,27,22,14,27,882000
a0f66459_8_0435.avi,2015,9,27,22,16,27,935000
a0f66459_8_0436.avi,2015,9,27,22,18,27,631000
a0f66459_8_0437.avi,2015,9,27,22,20,27,985000
a0f66459_8_0438.avi,2015,9,27,22,22,29,106000
a0f66459_8_0439.avi,2015,9,27,22,24,27,890000
a0f66459_8_0440.avi,2015,9,27,22,26,28,44000
a0f66459_8_0441.avi,2015,9,27,22,28,27,107000
a0f66459_8_0442.avi,2015,9,27,22,30,27,361000
a0f66459_8_0443.avi,2015,9,27,22,32,27,481000
a0f66459_8_0444.avi,2015,9,27,22,34,28,769000
a0f66459_8_0445.avi,2015,9,27,22,36,28,889000
a0f66459_8_0446.avi,2015,9,27,22,38,27,907000
a0f66459_8_0447.avi,2015,9,27,22,40,28,71000
a0f66459_8_0448.avi,2015,9,27,22,42,27,70000
a0f66459_8_0449.avi,2015,9,27,22,44,27,190000
a0f66459_8_0450.avi,2015,9,27,22,46,28,611000
a0f66459_8_0451.avi,2015,9,27,22,48,27,764000
a0f66459_8_0452.avi,2015,9,27,22,50,29,217000
a0f66459_8_0453.avi,2015,9,27,22,52,27,168000
a0f66459_8_0454.avi,2015,9,27,22,54,28,455000
a0f66459_8_0455.avi,2015,9,27,22,56,27,408000
a0f66459_8_0456.avi,2015,9,27,22,58,27,395000
a0f66459_8_0457.avi,2015,9,27,23,0,27,515000
a0f66459_8_0458.avi,2015,9,27,23,2,28,847000
a0f66459_8_0459.avi,2015,9,27,23,4,28,967000
a0f66459_8_0460.avi,2015,9,27,23,6,27,852000
a0f66459_8_0461.avi,2015,9,27,23,8,27,938000
a0f66459_8_0462.avi,2015,9,27,23,10,27,958000
a0f66459_8_0463.avi,2015,9,27,23,12,30,258000
a0f66459_8_0464.avi,2015,9,27,23,14,27,743000
a0f66459_8_0465.avi,2015,9,27,23,16,28,697000
a0f66459_8_0466.avi,2015,9,27,23,18,29,718000
a0f66459_8_0467.avi,2015,9,27,23,20,27,235000
a0f66459_8_0468.avi,2015,9,27,23,22,26,954000
a0f66459_8_0469.avi,2015,9,27,23,24,27,852000
a0f66459_8_0470.avi,2015,9,27,23,26,29,874000
a0f66459_8_0471.avi,2015,9,27,23,28,27,392000
a0f66459_8_0472.avi,2015,9,27,23,30,29,781000
a0f66459_8_0473.avi,2015,9,27,23,32,27,699000
a0f66459_8_0474.avi,2015,9,27,23,34,27,913000
a0f66459_8_0475.avi,2015,9,27,23,36,26,998000
a0f66459_8_0476.avi,2015,9,27,23,38,27,251000
a0f66459_8_0477.avi,2015,9,27,23,40,27,438000
a0f66459_8_0478.avi,2015,9,27,23,42,28,788000
a0f66459_8_0479.avi,2015,9,27,23,44,27,874000
a0f66459_8_0480.avi,2015,9,27,23,46,26,877000
a0f66459_8_0481.avi,2015,9,27,23,48,26,964000
a0f66459_8_0482.avi,2015,9,27,23,50,26,950000
a0f66459_8_0483.avi,2015,9,27,23,52,26,936000
a0f66459_8_0484.avi,2015,9,27,23,54,26,989000
a0f66459_8_0485.avi,2015,9,27,23,56,26,987000
a0f66459_8_0486.avi,2015,9,27,23,58,29,343000
a0f66459_8_0487.avi,2015,9,28,0,0,30,497000
a0f66459_8_0488.avi,2015,9,28,0,2,27,214000
a0f66459_8_0489.avi,2015,9,28,0,4,27,133000
a0f66459_8_0490.avi,2015,9,28,0,6,28,188000
a0f66459_8_0491.avi,2015,9,28,0,8,26,950000
a0f66459_8_0492.avi,2015,9,28,0,10,29,172000
a0f66459_8_0493.avi,2015,9,28,0,12,26,824000
a0f66459_8_0494.avi,2015,9,28,0,14,26,844000
a0f66459_8_0495.avi,2015,9,28,0,16,28,532000
a0f66459_8_0496.avi,2015,9,28,0,18,27,429000
a0f66459_8_0497.avi,2015,9,28,0,20,27,315000
a0f66459_8_0498.avi,2015,9,28,0,22,27,735000
a0f66459_8_0499.avi,2015,9,28,0,24,27,588000
a0f66459_8_0500.avi,2015,9,28,0,26,27,308000
a0f66459_8_0501.avi,2015,9,28,0,28,27,762000
a0f66459_8_0502.avi,2015,9,28,0,30,26,758000
a0f66459_8_0503.avi,2015,9,28,0,32,27,579000
a0f66459_8_0504.avi,2015,9,28,0,34,27,165000
a0f66459_8_0505.avi,2015,9,28,0,36,27,217000
a0f66459_8_0506.avi,2015,9,28,0,38,27,737000
a0f66459_8_0507.avi,2015,9,28,0,40,26,902000
a0f66459_8_0508.avi,2015,9,28,0,42,27,45000
a0f66459_8_0509.avi,2015,9,28,0,44,28,133000
a0f66459_8_0510.avi,2015,9,28,0,46,26,985000
a0f66459_8_0511.avi,2015,9,28,0,48,28,173000
a0f66459_8_0512.avi,2015,9,28,0,50,27,25000
a0f66459_8_0513.avi,2015,9,28,0,52,26,833000
a0f66459_8_0514.avi,2015,9,28,0,54,27,987000
a0f66459_8_0515.avi,2015,9,28,0,56,28,75000
a0f66459_8_0516.avi,2015,9,28,0,58,28,195000
a0f66459_8_0517.avi,2015,9,28,1,0,27,147000
a0f66459_8_0518.avi,2015,9,28,1,2,27,210000
a0f66459_8_0519.avi,2015,9,28,1,4,28,165000
a0f66459_8_0520.avi,2015,9,28,1,6,26,816000
a0f66459_8_0521.avi,2015,9,28,1,8,28,938000
a0f66459_8_0522.avi,2015,9,28,1,10,27,690000
a0f66459_8_0523.avi,2015,9,28,1,12,27,544000
a0f66459_8_0524.avi,2015,9,28,1,14,28,509000
a0f66459_8_0525.avi,2015,9,28,1,16,27,561000
a0f66459_8_0526.avi,2015,9,28,1,18,27,381000
a0f66459_8_0527.avi,2015,9,28,1,20,27,368000
a0f66459_8_0528.avi,2015,9,28,1,22,28,488000
a0f66459_8_0529.avi,2015,9,28,1,24,27,251000
a0f66459_8_0530.avi,2015,9,28,1,26,27,137000
a0f66459_8_0531.avi,2015,9,28,1,28,27,24000
a0f66459_8_0532.avi,2015,9,28,1,30,26,944000
a0f66459_8_0533.avi,2015,9,28,1,32,27,497000
a0f66459_8_0534.avi,2015,9,28,1,34,27,884000
a0f66459_8_0535.avi,2015,9,28,1,36,26,747000
a0f66459_8_0536.avi,2015,9,28,1,38,26,944000
a0f66459_8_0537.avi,2015,9,28,1,40,26,931000
a0f66459_8_0538.avi,2015,9,28,1,42,27,7000
a0f66459_8_0539.avi,2015,9,28,1,44,27,60000
a0f66459_8_0540.avi,2015,9,28,1,46,27,102000
a0f66459_8_0541.avi,2015,9,28,1,48,27,155000
a0f66459_8_0542.avi,2015,9,28,1,50,27,208000
a0f66459_8_0543.avi,2015,9,28,1,52,27,227000
a0f66459_8_0544.avi,2015,9,28,1,54,27,281000
a0f66459_8_0545.avi,2015,9,28,1,56,27,335000
a0f66459_8_0546.avi,2015,9,28,1,58,27,300000
a0f66459_8_0547.avi,2015,9,28,2,0,27,220000
a0f66459_8_0548.avi,2015,9,28,2,2,28,374000
a0f66459_8_0549.avi,2015,9,28,2,4,27,93000
a0f66459_8_0550.avi,2015,9,28,2,6,26,978000
a0f66459_8_0551.avi,2015,9,28,2,8,26,876000
a0f66459_8_0552.avi,2015,9,28,2,10,26,762000
a0f66459_8_0553.avi,2015,9,28,2,12,27,817000
a0f66459_8_0554.avi,2015,9,28,2,14,27,670000
a0f66459_8_0555.avi,2015,9,28,2,16,28,657000
a0f66459_8_0556.avi,2015,9,28,2,18,28,544000
a0f66459_8_0557.avi,2015,9,28,2,20,28,441000
a0f66459_8_0558.avi,2015,9,28,2,22,29,460000
a0f66459_8_0559.avi,2015,9,28,2,24,27,46000
a0f66459_8_0560.avi,2015,9,28,2,26,26,932000
a0f66459_8_0561.avi,2015,9,28,2,28,26,852000
a0f66459_8_0562.avi,2015,9,28,2,30,27,851000
a0f66459_8_0563.avi,2015,9,28,2,32,26,603000
a0f66459_8_0564.avi,2015,9,28,2,34,27,624000
a0f66459_8_0565.avi,2015,9,28,2,36,27,509000
a0f66459_8_0566.avi,2015,9,28,2,38,27,396000
a0f66459_8_0567.avi,2015,9,28,2,40,27,216000
a0f66459_8_0568.avi,2015,9,28,2,42,27,80000
a0f66459_8_0569.avi,2015,9,28,2,44,26,966000
a0f66459_8_0570.avi,2015,9,28,2,46,26,886000
a0f66459_8_0571.avi,2015,9,28,2,48,26,772000
a0f66459_8_0572.avi,2015,9,28,2,50,26,658000
a0f66459_8_0573.avi,2015,9,28,2,52,26,545000
a0f66459_8_0574.avi,2015,9,28,2,54,27,577000
a0f66459_8_0575.avi,2015,9,28,2,56,27,464000
a0f66459_8_0576.avi,2015,9,28,2,58,27,350000
a0f66459_8_0577.avi,2015,9,28,3,0,27,170000
a0f66459_8_0578.avi,2015,9,28,3,2,26,990000
a0f66459_8_0579.avi,2015,9,28,3,4,27,955000
a0f66459_8_0580.avi,2015,9,28,3,6,26,706000
a0f66459_8_0581.avi,2015,9,28,3,8,28,829000
a0f66459_8_0582.avi,2015,9,28,3,10,26,480000
a0f66459_8_0583.avi,2015,9,28,3,12,27,468000
a0f66459_8_0584.avi,2015,9,28,3,14,27,354000
a0f66459_8_0585.avi,2015,9,28,3,16,27,184000
a0f66459_8_0586.avi,2015,9,28,3,18,27,71000
a0f66459_8_0587.avi,2015,9,28,3,20,26,923000
a0f66459_8_0588.avi,2015,9,28,3,22,27,911000
a0f66459_8_0589.avi,2015,9,28,3,24,26,663000
a0f66459_8_0590.avi,2015,9,28,3,26,27,427000
a0f66459_8_0591.avi,2015,9,28,3,28,28,482000
a0f66459_8_0592.avi,2015,9,28,3,30,27,167000
a0f66459_8_0593.avi,2015,9,28,3,32,29,389000
a0f66459_8_0594.avi,2015,9,28,3,34,26,972000
a0f66459_8_0595.avi,2015,9,28,3,36,28,26000
a0f66459_8_0596.avi,2015,9,28,3,38,27,951000
a0f66459_8_0597.avi,2015,9,28,3,40,26,737000
a0f66459_8_0598.avi,2015,9,28,3,42,27,754000
a0f66459_8_0599.avi,2015,9,28,3,44,26,506000
a0f66459_8_0600.avi,2015,9,28,3,46,26,392000
a0f66459_8_0601.avi,2015,9,28,3,48,27,361000
a0f66459_8_0602.avi,2015,9,28,3,50,27,179000
a0f66459_8_0603.avi,2015,9,28,3,52,26,933000
a0f66459_8_0604.avi,2015,9,28,3,54,27,954000
a0f66459_8_0605.avi,2015,9,28,3,56,26,706000
a0f66459_8_0606.avi,2015,9,28,3,58,27,627000
a0f66459_8_0607.avi,2015,9,28,4,0,28,559000
a0f66459_8_0608.avi,2015,9,28,4,2,29,547000
a0f66459_8_0609.avi,2015,9,28,4,4,27,31000
a0f66459_8_0610.avi,2015,9,28,4,6,26,784000
a0f66459_8_0611.avi,2015,9,28,4,8,26,637000
a0f66459_8_0612.avi,2015,9,28,4,10,27,501000
a0f66459_8_0613.avi,2015,9,28,4,12,27,221000
a0f66459_8_0614.avi,2015,9,28,4,14,28,175000
a0f66459_8_0615.avi,2015,9,28,4,16,27,995000
a0f66459_8_0616.avi,2015,9,28,4,18,27,748000
a0f66459_8_0617.avi,2015,9,28,4,20,27,466000
a0f66459_8_0618.avi,2015,9,28,4,22,27,198000
a0f66459_8_0619.avi,2015,9,28,4,24,26,951000
a0f66459_8_0620.avi,2015,9,28,4,26,26,704000
a0f66459_8_0621.avi,2015,9,28,4,28,26,490000
a0f66459_8_0622.avi,2015,9,28,4,30,27,411000
a0f66459_8_0623.avi,2015,9,28,4,32,27,175000
a0f66459_8_0624.avi,2015,9,28,4,34,28,129000
a0f66459_8_0625.avi,2015,9,28,4,36,26,847000
a0f66459_8_0626.avi,2015,9,28,4,38,26,600000
a0f66459_8_0627.avi,2015,9,28,4,40,26,320000
a0f66459_8_0628.avi,2015,9,28,4,42,27,202000
a0f66459_8_0629.avi,2015,9,28,4,44,28,173000
a0f66459_8_0630.avi,2015,9,28,4,46,26,825000
a0f66459_8_0631.avi,2015,9,28,4,48,26,611000
a0f66459_8_0632.avi,2015,9,28,4,50,27,532000
a0f66459_8_0633.avi,2015,9,28,4,52,27,218000
a0f66459_8_0634.avi,2015,9,28,4,54,26,248000
a0f66459_8_0635.avi,2015,9,28,4,56,27,736000
a0f66459_8_0636.avi,2015,9,28,4,58,27,990000
a0f66459_8_0637.avi,2015,9,28,5,0,28,177000
a0f66459_8_0638.avi,2015,9,28,5,2,27,229000
a0f66459_8_0639.avi,2015,9,28,5,4,26,281000
a0f66459_8_0640.avi,2015,9,28,5,6,27,579000
a0f66459_8_0641.avi,2015,9,28,5,8,26,632000
a0f66459_8_0642.avi,2015,9,28,5,10,26,918000
a0f66459_8_0643.avi,2015,9,28,5,12,27,105000
a0f66459_8_0644.avi,2015,9,28,5,14,27,259000
a0f66459_8_0645.avi,2015,9,28,5,16,26,289000
a0f66459_8_0646.avi,2015,9,28,5,18,27,610000
a0f66459_8_0647.avi,2015,9,28,5,20,26,762000
a0f66459_8_0648.avi,2015,9,28,5,22,28,50000
a0f66459_8_0649.avi,2015,9,28,5,24,26,969000
a0f66459_8_0650.avi,2015,9,28,5,26,26,989000
a0f66459_8_0651.avi,2015,9,28,5,28,27,19000
a0f66459_8_0652.avi,2015,9,28,5,30,27,72000
a0f66459_8_0653.avi,2015,9,28,5,32,27,359000
a0f66459_8_0654.avi,2015,9,28,5,34,26,412000
a0f66459_8_0655.avi,2015,9,28,5,36,27,842000
a0f66459_8_0656.avi,2015,9,28,5,38,28,39000
a0f66459_8_0657.avi,2015,9,28,5,40,28,392000
a0f66459_8_0658.avi,2015,9,28,5,42,26,419000
a0f66459_8_0659.avi,2015,9,28,5,44,26,706000
a0f66459_8_0660.avi,2015,9,28,5,46,26,893000
a0f66459_8_0661.avi,2015,9,28,5,48,27,213000
a0f66459_8_0662.avi,2015,9,28,5,50,26,234000
a0f66459_8_0663.avi,2015,9,28,5,52,26,387000
a0f66459_8_0664.avi,2015,9,28,5,54,27,709000
a0f66459_8_0665.avi,2015,9,28,5,56,26,861000
a0f66459_8_0666.avi,2015,9,28,5,58,28,249000
a0f66459_8_0667.avi,2015,9,28,6,0,26,145000
a0f66459_8_0668.avi,2015,9,28,6,2,26,498000
a0f66459_8_0669.avi,2015,9,28,6,4,26,752000
a0f66459_8_0670.avi,2015,9,28,6,6,27,39000
a0f66459_8_0671.avi,2015,9,28,6,8,26,191000
a0f66459_8_0672.avi,2015,9,28,6,10,26,411000
a0f66459_8_0673.avi,2015,9,28,6,12,26,609000
a0f66459_8_0674.avi,2015,9,28,6,14,27,997000
a0f66459_8_0675.avi,2015,9,28,6,16,26,983000
a0f66459_8_0676.avi,2015,9,28,6,18,26,837000
a0f66459_8_0677.avi,2015,9,28,6,20,27,89000
a0f66459_8_0678.avi,2015,9,28,6,22,26,219000
a0f66459_8_0679.avi,2015,9,28,6,24,27,340000
a0f66459_8_0680.avi,2015,9,28,6,26,27,226000
a0f66459_8_0681.avi,2015,9,28,6,28,27,46000
a0f66459_8_0682.avi,2015,9,28,6,30,26,865000
a0f66459_8_0683.avi,2015,9,28,6,32,26,686000
a0f66459_8_0684.avi,2015,9,28,6,34,26,448000
a0f66459_8_0685.avi,2015,9,28,6,36,26,335000
a0f66459_8_0686.avi,2015,9,28,6,38,27,322000
a0f66459_8_0687.avi,2015,9,28,6,40,28,277000
a0f66459_8_0688.avi,2015,9,28,6,42,26,926000
a0f66459_8_0689.avi,2015,9,28,6,44,26,760000
a0f66459_8_0690.avi,2015,9,28,6,46,27,747000
a0f66459_8_0691.avi,2015,9,28,6,48,26,467000
a0f66459_8_0692.avi,2015,9,28,6,50,26,52000
a0f66459_8_0693.avi,2015,9,28,6,52,27,640000
a0f66459_8_0694.avi,2015,9,28,6,54,26,926000
a0f66459_8_0695.avi,2015,9,28,6,56,27,524000
a0f66459_8_0696.avi,2015,9,28,6,58,26,9000
a0f66459_8_0697.avi,2015,9,28,7,0,26,863000
a0f66459_8_0698.avi,2015,9,28,7,2,26,417000
a0f66459_8_0699.avi,2015,9,28,7,4,26,770000
a0f66459_8_0700.avi,2015,9,28,7,6,25,967000
a0f66459_8_0701.avi,2015,9,28,7,8,26,521000
a0f66459_8_0702.avi,2015,9,28,7,10,26,7000
a0f66459_8_0703.avi,2015,9,28,7,12,26,927000
a0f66459_8_0704.avi,2015,9,28,7,14,27,581000
a0f66459_8_0705.avi,2015,9,28,7,16,27,2000
a0f66459_8_0706.avi,2015,9,28,7,18,27,299000
a0f66459_8_0707.avi,2015,9,28,7,20,26,550000
a0f66459_8_0708.avi,2015,9,28,7,22,26,704000
a0f66459_8_0709.avi,2015,9,28,7,24,28,959000
a0f66459_8_0710.avi,2015,9,28,7,26,26,443000
a0f66459_8_0711.avi,2015,9,28,7,28,30,477000
a0f66459_8_0712.avi,2015,9,28,7,30,29,296000
a0f66459_8_0713.avi,2015,9,28,7,32,26,79000
a0f66459_8_0714.avi,2015,9,28,7,34,26,500000
a0f66459_8_0715.avi,2015,9,28,7,36,27,821000
a0f66459_8_0716.avi,2015,9,28,7,38,27,908000
a0f66459_8_0717.avi,2015,9,28,7,40,25,898000
a0f66459_8_0718.avi,2015,9,28,7,42,26,304000
a0f66459_8_0719.avi,2015,9,28,7,44,25,957000
a0f66459_8_0720.avi,2015,9,28,7,46,27,337000
a0f66459_8_0721.avi,2015,9,28,7,48,27,987000
a0f66459_8_0722.avi,2015,9,28,7,50,28,365000
a0f66459_8_0723.avi,2015,9,28,7,52,27,985000
a0f66459_8_0724.avi,2015,9,28,7,54,27,104000
a0f66459_8_0725.avi,2015,9,28,7,56,27,891000
a0f66459_8_0726.avi,2015,9,28,7,58,27,510000
a0f66459_8_0727.avi,2015,9,28,8,0,28,999000
a0f66459_8_0728.avi,2015,9,28,8,2,27,497000
a0f66459_8_0729.avi,2015,9,28,8,4,27,249000
a0f66459_8_0730.avi,2015,9,28,8,6,28,36000
a0f66459_8_0731.avi,2015,9,28,8,8,27,722000
a0f66459_8_0732.avi,2015,9,28,8,10,27,509000
a0f66459_8_0733.avi,2015,9,28,8,12,28,140000
a0f66459_8_0734.avi,2015,9,28,8,14,27,359000
a0f66459_8_0735.avi,2015,9,28,8,16,27,446000
a0f66459_8_0736.avi,2015,9,28,8,18,27,232000
a0f66459_8_0737.avi,2015,9,28,8,20,27,886000
a0f66459_8_0738.avi,2015,9,28,8,22,28,72000
a0f66459_8_0739.avi,2015,9,28,8,23,15,111000
